LoanId,Contact__c,Min_IT_Loan_ID__c,Opp_Number__c,Id,AccountID,Number_Of_Loans_Granted__c,Num_Of_Loans_Paid__c,Purpose_of_Loan__c,Total_Repayments__c,Amount,Term_in_Weeks__c,Payment_Frequency__c,StageName
1,0032x00000WjMyxAAF,5148881,4549148,0062x00000D8lx2AAB,0012x00000gAddzAAC,4,0,Living Expenses,5,200,9,Fortnightly,Loan Paid
1,0032x00000WHzH4AAL,841346,4485503,0062x00000D7T1TAAV,0012x00000g8czpAAA,5,1,Vehicle Expenses,5,200,9.429,Fortnightly,Loan Paid
1,0032x00000WHZxYAAX,850440,4569911,0062x00000D9C2RAAV,0012x00000g8ErcAAE,5,1,Medical Expenses,5,200,9.714,Fortnightly,Loan Paid
1,0032x00000WHIrSAAX,849599,4562909,0062x00000D93ztAAB,0012x00000g7yTxAAI,4,1,Living Expenses,5,200,9.857,Fortnightly,Loan Paid
1,0032x00000WH4iOAAT,850696,4568360,0062x00000D9AYfAAN,0012x00000g7mCCAAY,4,1,Medical Expenses,5,200,9.857,Fortnightly,Loan Paid
1,0032x00000WH0n8AAD,849567,4562853,0062x00000D93vmAAB,0012x00000g7iFYAAY,4,1,Living Expenses,5,200,8.857,Fortnightly,Loan Paid
1,0032x00000WGeXTAA1,846237,4532223,0062x00000D8Pw2AAF,0012x00000g6ZHPAA2,4,1,Child Expenses,5,200,9.143,Fortnightly,Loan Paid
1,0032x00000WGdsqAAD,849467,4562147,0062x00000D92w5AAB,0012x00000fphN5AAI,5,1,Vehicle Expenses,5,200,8.714,Fortnightly,Loan Paid
1,0032x00000WGSHLAA5,843957,4508518,0062x00000D7yEcAAJ,0012x00000foRyXAAU,4,1,Living Expenses,5,200,9.143,Fortnightly,Loan Paid
1,0032x00000WGM7UAAX,846519,4533973,0062x00000D8SLEAA3,0012x00000fnzNzAAI,4,1,Medical Expenses,5,200,9.714,Fortnightly,Loan Paid
1,0032x00000WGApwAAH,841191,4483120,0062x00000D7Q3AAAV,0012x00000fn8rsAAA,4,1,Living Expenses,5,200,8.714,Fortnightly,Loan Paid
1,0032x00000WGAUyAAP,837845,4457288,0062x00000D6sMKAAZ,0012x00000fn7e6AAA,4,1,Living Expenses,5,200,10,Fortnightly,Loan Paid
1,0032x00000WG6LGAA1,834458,4420033,0062x00000D1xiQAAR,0012x00000fmy5wAAA,4,1,Living Expenses,5,200,8.714,Fortnightly,Loan Paid
1,0032x00000WG1zSAAT,843002,4501534,0062x00000D7ozuAAB,0012x00000fmnvJAAQ,5,1,Living Expenses,5,200,10.286,Fortnightly,Loan Paid
1,0032x00000WFfK0AAL,837467,4454303,0062x00000D6oM6AAJ,0012x00000fmYU2AAM,6,1,Living Expenses,5,200,10,Fortnightly,Loan Paid
1,0032x00000WFbZ2AAL,5147473,4477863,0062x00000D7JZsAAN,0012x00000fmUiEAAU,6,1,Vehicle Expenses,5,200,8.857,Fortnightly,Loan Paid
1,0032x00000WFUsxAAH,5147431,4478001,0062x00000D7JjxAAF,0012x00000fmNfvAAE,6,1,Furniture or Appliances,5,200,8.714,Fortnightly,Loan Paid
1,0032x00000WFTasAAH,851810,4582483,0062x00000D9RmPAAV,0012x00000fmMZTAA2,6,1,Furniture or Appliances,5,200,9.429,Fortnightly,Loan Paid
1,0032x00000WFQcCAAX,5146436,4418026,0062x00000D1vBuAAJ,0012x00000fmJaPAAU,4,1,Travel Expenses,5,200,8.857,Fortnightly,Loan Paid
1,0032x00000U4tByAAJ,837369,4451842,0062x00000D2ZVpAAN,0012x00000fm5PnAAI,6,1,Other Expenses,5,200,9.143,Fortnightly,Loan Paid
1,0032x00000U4akYAAR,834568,4424961,0062x00000D239NAAR,0012x00000fltOiAAI,4,1,Living Expenses,5,200,9.857,Fortnightly,Loan Paid
1,0032x00000U4Gr1AAF,835628,4434155,0062x00000D2Dv7AAF,0012x00000flcqGAAQ,5,1,Living Expenses,5,200,9.429,Fortnightly,Loan Paid
1,0032x00000U4BV0AAN,831838,4401394,0062x00000D1dJXAAZ,0012x00000flXd5AAE,5,1,Living Expenses,5,200,8.571,Fortnightly,Loan Paid
1,0032x00000U48WAAAZ,846904,4539558,0062x00000D8ZNpAAN,0012x00000e0OYpAAM,5,1,Living Expenses,5,200,9.286,Fortnightly,Loan Paid
1,0032x00000U44EOAAZ,841382,4485614,0062x00000D7TAGAA3,0012x00000e0KTeAAM,4,1,Home Maintenance & Repairs,5,200,9.571,Fortnightly,Loan Paid
1,0032x00000U3nKXAAZ,849337,4561270,0062x00000D91RvAAJ,0012x00000e09iMAAQ,5,2,Living Expenses,5,200,10.571,Fortnightly,Loan Paid
1,0032x00000U3ePqAAJ,851305,4579448,0062x00000D9NGAAA3,0012x00000e01I4AAI,4,1,Medical Expenses,5,200,9.429,Fortnightly,Loan Paid
1,0032x00000U3HDvAAN,837820,4450996,0062x00000D2Y0lAAF,0012x00000dzeo2AAA,4,1,Vehicle Expenses,5,200,9.286,Fortnightly,Loan Paid
1,0032x00000U2xELAAZ,5146050,4393630,0062x00000D1VhLAAV,0012x00000dy28CAAQ,5,1,Vehicle Expenses,5,200,9.429,Fortnightly,Loan Paid
1,0032x00000U2rKIAAZ,5147076,4457189,0062x00000D6sDIAAZ,0012x00000dxXIMAA2,7,1,Travel Expenses,5,200,10.286,Fortnightly,Loan Paid
1,0032x00000U2fyMAAR,830984,4393097,0062x00000D1VGOAA3,0012x00000dwnJfAAI,4,1,Living Expenses,5,200,9.714,Fortnightly,Loan Paid
1,0032x00000U2VvXAAV,836054,4437900,0062x00000D2I0LAAV,0012x00000df5MEAAY,4,1,Child Expenses,5,200,9.286,Fortnightly,Loan Paid
1,0032x00000U2VccAAF,830898,4391182,0062x00000D1T3SAAV,0012x00000df3l0AAA,4,1,Vehicle Expenses,5,200,9.286,Fortnightly,Loan Paid
1,0032x00000U2POYAA3,831274,4394471,0062x00000D1WXVAA3,0012x00000deM7tAAE,5,1,Living Expenses,5,200,9.286,Fortnightly,Loan Paid
1,0032x00000U2APiAAN,844958,4517175,0062x00000D89aKAAR,0012x00000dcoTRAAY,4,1,Living Expenses,5,200,10,Fortnightly,Loan Paid
1,0032x00000U24kHAAR,838552,4460990,0062x00000D6x4cAAB,0012x00000dc9d0AAA,6,1,Living Expenses,5,200,9.143,Fortnightly,Loan Paid
1,0032x00000U1UsJAAV,842277,4494189,0062x00000D7fEVAAZ,0012x00000dbJiNAAU,5,2,Vehicle Expenses,5,200,10.143,Fortnightly,Loan Paid
1,0032x00000U1PrFAAV,845053,4520885,0062x00000D8DLGAA3,0012x00000dBfuuAAC,6,2,Vehicle Expenses,5,200,9.714,Fortnightly,Loan Paid
1,0032x00000U1GBiAAN,842343,4494572,0062x00000D7ftnAAB,0012x00000dAnOxAAK,4,1,Life Event Expenses,5,200,10.429,Fortnightly,Loan Paid
1,0032x00000U1BNeAAN,840019,4472368,0062x00000D7DNCAA3,0012x00000dAFEDAA4,5,1,Vehicle Expenses,5,200,9,Fortnightly,Loan Paid
1,0032x00000U0tq1AAB,5146684,4432433,0062x00000D2Bw3AAF,0012x00000d8qjhAAA,4,2,Furniture or Appliances,5,200,9.714,Fortnightly,Loan Paid
1,0032x00000TTbGvAAL,5146316,4415111,0062x00000D1rFYAAZ,0012x00000cKwQUAA0,7,3,Travel Expenses,5,200,10.143,Fortnightly,Loan Paid
1,0032x00000TTRQ7AAP,5149626,4582583,0062x00000D9RvqAAF,0012x00000cKfEXAA0,4,2,Travel Expenses,5,200,8.571,Fortnightly,Loan Paid
1,0032x00000TCTKcAAP,846566,4534191,0062x00000D8SfdAAF,0012x00000d8R2CAAU,5,2,Travel Expenses,5,200,9.429,Fortnightly,Loan Paid
1,0032x00000TCSjIAAX,844424,4514124,0062x00000D85OUAAZ,0012x00000d8LQTAA2,5,2,Living Expenses,5,200,8.857,Fortnightly,Loan Paid
1,0032x00000TCE6rAAH,831645,4398306,0062x00000D1aQkAAJ,0012x00000cyMVtAAM,7,3,Living Expenses,5,200,9.286,Fortnightly,Loan Paid
1,0032x00000TCDmDAAX,5149155,4562148,0062x00000D92snAAB,0012x00000cyKkwAAE,4,1,Living Expenses,5,200,8.857,Fortnightly,Loan Paid
1,0032x00000TC8LDAA1,5147156,4462912,0062x00000D6zhPAAR,0012x00000cxO7BAAU,5,2,Living Expenses,5,200,8.857,Fortnightly,Loan Paid
1,0032x00000TBz8rAAD,832466,4407525,0062x00000D1jFJAAZ,0012x00000cwpe1AAA,5,1,Medical Expenses,5,200,10.143,Fortnightly,Loan Paid
1,0032x00000TAzReAAL,5147200,4462860,0062x00000D6zKMAAZ,0012x00000cvufiAAA,6,2,Living Expenses,5,200,9.714,Fortnightly,Loan Paid
1,0032x00000TAjS4AAL,838020,4448683,0062x00000D2UQLAA3,0012x00000cmgc4AAA,4,1,Living Expenses,5,200,10.286,Fortnightly,Loan Paid
1,0032x00000TAbK8AAL,845453,4523037,0062x00000D8FsZAAV,0012x00000cmUg9AAE,4,1,Living Expenses,5,200,9.429,Fortnightly,Loan Paid
1,0032x00000TAbHxAAL,851773,4581355,0062x00000D9PuCAAV,0012x00000cmUe8AAE,4,2,Veterinary Expenses,5,200,13.714,Fortnightly,Loan Paid
1,0032x00000TAWokAAH,837253,4450852,0062x00000D2XlCAAV,0012x00000cmQQfAAM,6,2,Living Expenses,5,200,10.429,Fortnightly,Loan Paid
1,0032x00000TAVsTAAX,832826,4409538,0062x00000D1lKrAAJ,0012x00000cmPakAAE,6,2,Living Expenses,5,200,10.143,Fortnightly,Loan Paid
1,0032x00000YUQIEAA5,1035073,6697908,0062x00000ExvjkAAB,0012x00000haEKMAA2,4,1,Travel Expenses,5,200,9.714,Fortnightly,Loan Paid
1,0032x00000XaRIuAAN,1010465,6253226,0062x00000EOMyrAAH,0012x00000hYs0XAAS,4,2,Vehicle Expenses,5,200,8.857,Fortnightly,Loan Paid
1,0032x00000XaRIuAAN,980960,5624256,0062x00000E56uhAAB,0012x00000hYs0XAAS,4,1,Other Expenses,5,200,9.857,Fortnightly,Loan Paid
1,0032x00000XaDzyAAF,942789,5477077,0062x00000DVo2HAAT,0012x00000hYfrXAAS,4,1,Vehicle Expenses,5,200,9.714,Fortnightly,Loan Paid
1,0032x00000XZvnlAAD,5168849,6105265,0062x00000EMSTpAAP,0012x00000hYOd5AAG,4,2,Other Expenses,5,200,9.857,Fortnightly,Loan Paid
1,0032x00000XZuY5AAL,1005057,6143593,0062x00000EN0BwAAL,0012x00000hYNU3AAO,4,2,Living Expenses,5,200,9.429,Fortnightly,Loan Paid
1,0032x00000XZLO2AAP,922312,5201764,0062x00000DrtHQAAZ,0012x00000hXuoJAAS,4,0,Living Expenses,5,200,10.143,Fortnightly,Loan Paid
1,0032x00000WGMqGAAX,814086,4260300,0062x00000Cz3QGAAZ,0012x00000fo3HPAAY,5,1,Home Maintenance & Repairs,5,200,10,Fortnightly,Loan Paid
1,0032x00000WFYyFAAX,5145861,4376738,0062x00000D1EK7AAN,0012x00000fmRgHAAU,4,1,Living Expenses,5,200,10,Fortnightly,Loan Paid
1,0032x00000U4ZwNAAV,5145146,4337102,0062x00000D0VgJAAV,0012x00000flsgHAAQ,4,1,Other Expenses,5,200,10.429,Fortnightly,Loan Paid
1,0032x00000U4ArZAAV,828421,4371753,0062x00000D19TxAAJ,0012x00000e0RFaAAM,4,1,Living Expenses,5,200,10,Fortnightly,Loan Paid
1,0032x00000U3kWdAAJ,816645,4270475,0062x00000CzFkmAAF,0012x00000e06sfAAA,5,1,Living Expenses,5,200,10.143,Fortnightly,Loan Paid
1,0032x00000U3YA8AAN,823338,4333616,0062x00000D0R5pAAF,0012x00000dzv0pAAA,4,1,Vehicle Expenses,5,200,9.857,Fortnightly,Loan Paid
1,0032x00000U3GDrAAN,816939,4282484,0062x00000CzUgnAAF,0012x00000dzaQ8AAI,4,1,Living Expenses,5,200,8.714,Fortnightly,Loan Paid
1,0032x00000U3FxAAAV,786453,3988328,0062x00000CUPA9AAP,0012x00000dzZRkAAM,5,1,Vehicle Expenses,5,200,10.143,Fortnightly,Loan Paid
1,0032x00000U3EfbAAF,5144270,4275511,0062x00000CzLfHAAV,0012x00000dzTsCAAU,5,1,Vehicle Expenses,5,200,10,Fortnightly,Loan Paid
1,0032x00000U33jdAAB,5143073,4194237,0062x00000ClEiAAAV,0012x00000dyaniAAA,5,1,Living Expenses,5,200,10.143,Fortnightly,Loan Paid
1,0032x00000U2ziuAAB,828591,4376071,0062x00000D1DVoAAN,0012x00000dyEBhAAM,4,1,Other Expenses,5,200,9,Fortnightly,Loan Paid
1,0032x00000U2dV8AAJ,785222,3963515,0062x00000CTwRmAAL,0012x00000dwcQBAAY,5,0,Child Expenses,5,150,10,Fortnightly,Loan Paid
1,0032x00000U2Zp0AAF,804446,4150494,0062x00000CkNnmAAF,0012x00000dwIuwAAE,4,1,Other Expenses,5,200,9.429,Fortnightly,Loan Paid
1,0032x00000U2VkMAAV,804749,4156937,0062x00000CkWIgAAN,0012x00000df4MZAAY,7,1,Medical Expenses,5,200,8.857,Fortnightly,Loan Paid
1,0032x00000d2Py7AAE,619847,2681333,0062x00000AbYAIAA3,0012x00000SIDYKAA5,10,,Living Expenses,5,200,8.714,Fortnightly,Loan Paid
1,0032x00000N879fAAB,632569,2752737,0062x00000AeQXlAAN,0012x00000TtFMDAA3,4,,Home Maintenance & Repairs,5,200,10.286,Fortnightly,Loan Paid
1,0032x00000N7G3rAAF,624053,2704568,0062x00000AcvQ8AAJ,0012x00000TspxdAAB,5,,Other,5,150,5.429,Weekly,Loan Paid
1,0032x00000MgvoRAAR,634851,2764667,0062x00000AelEDAAZ,0012x00000TreAdAAJ,6,,Travel Expenses,5,200,8.571,Fortnightly,Loan Paid
1,0032x00000MgtsMAAR,643690,2815098,0062x00000AkKH0AAN,0012x00000Trbu8AAB,6,,Living Expenses,5,200,10,Fortnightly,Loan Paid
1,0032x00000MgtaYAAR,635809,2769559,0062x00000AetYSAAZ,0012x00000TrbeLAAR,7,,Medical Expenses,5,200,10.429,Fortnightly,Loan Paid
1,0032x00000Mgic3AAB,623515,2701896,0062x00000Acr3qAAB,0012x00000TrSDiAAN,21,,Living Expenses,5,200,9.857,Fortnightly,Loan Paid
1,0032x00000Mgg1BAAR,642237,2804507,0062x00000Ak4KfAAJ,0012x00000TrPutAAF,12,,Medical Expenses,5,200,8.857,Fortnightly,Loan Paid
1,0032x00000MgfdgAAB,639359,2789086,0062x00000AfRA0AAN,0012x00000TrPaEAAV,5,,Living Expenses,5,200,9.429,Fortnightly,Loan Paid
1,0032x00000MgYfvAAF,636080,2770988,0062x00000AewpLAAR,0012x00000TrJPWAA3,6,,Living Expenses,5,200,9.286,Fortnightly,Loan Paid
1,0032x00000MgXpDAAV,635075,2765340,0062x00000Aem5WAAR,0012x00000TrIYIAA3,6,,Living Expenses,5,200,9.714,Fortnightly,Loan Paid
1,0032x00000MgX6LAAV,642244,2806510,0062x00000Ak6xhAAB,0012x00000TrHYlAAN,11,,Vehicle Expenses,5,200,8.714,Fortnightly,Loan Paid
1,0032x00000MgU2iAAF,639222,2786858,0062x00000AfNvSAAV,0012x00000TrEk0AAF,5,,Medical Expenses,5,200,10.286,Fortnightly,Loan Paid
1,0032x00000MgJtSAAV,641136,2799763,0062x00000AjvQAAAZ,0012x00000Tr5RZAAZ,5,,Living Expenses,5,200,10,Fortnightly,Loan Paid
1,0032x00000MgJlJAAV,641797,2803551,0062x00000Ak2EzAAJ,0012x00000Tr5CtAAJ,4,,Life Event Expenses,5,200,8.571,Fortnightly,Loan Paid
1,0032x00000MgJh9AAF,642787,2808383,0062x00000Ak9OkAAJ,0012x00000Tr5AMAAZ,5,,Vehicle Expenses,5,200,8.857,Fortnightly,Loan Paid
1,0032x00000MgImNAAV,635551,2767758,0062x00000AeqDcAAJ,0012x00000Tr4MyAAJ,5,,Living Expenses,5,200,9.429,Fortnightly,Loan Paid
1,0032x00000MeeurAAB,630109,2739900,0062x00000Ae1uHAAR,0012x00000THpxSAAT,5,,Living Expenses,5,200,9.857,Fortnightly,Loan Paid
1,0032x00000Med2BAAR,5108929,2736415,0062x00000Adv5nAAB,0012x00000THnXlAAL,5,,Living Expenses,5,200,9.714,Fortnightly,Loan Paid
1,0032x00000MearJAAR,5109232,2751227,0062x00000AeO2OAAV,0012x00000THldvAAD,7,,Other Expenses,5,200,9.143,Fortnightly,Loan Paid
1,0032x00000MeWRaAAN,5109816,2770997,0062x00000AewrCAAR,0012x00000THhxBAAT,4,,Home Maintenance & Repairs,5,200,10,Fortnightly,Loan Paid
1,0032x00000MeWA5AAN,639634,2791230,0062x00000AfUDkAAN,0012x00000THhdqAAD,4,,Living Expenses,5,200,10.429,Fortnightly,Loan Paid
1,0032x00000MeSbSAAV,631643,2747136,0062x00000AeExLAAV,0012x00000THdlGAAT,9,,Other Expenses,5,200,9.429,Fortnightly,Loan Paid
1,0032x00000MeSJnAAN,640012,2792780,0062x00000AfX2KAAV,0012x00000THdThAAL,5,,Living Expenses,5,200,10.429,Fortnightly,Loan Paid
1,0032x00000MeRZbAAN,5108382,2727654,0062x00000AdZnnAAF,0012x00000THcobAAD,6,,Vehicle Expenses,5,200,9.429,Fortnightly,Loan Paid
1,0032x00000MeR6WAAV,626766,2720850,0062x00000AdOMeAAN,0012x00000THcU0AAL,6,,Child Expenses,5,200,9.857,Fortnightly,Loan Paid
1,0032x00000MeP48AAF,630743,2742745,0062x00000Ae7NxAAJ,0012x00000THaP2AAL,7,,Living Expenses,5,200,10.571,Fortnightly,Loan Paid
1,0032x00000MeP48AAF,616933,2665757,0062x00000AOW5qAAH,0012x00000THaP2AAL,7,,Living Expenses,5,200,8.571,Fortnightly,Loan Paid
1,0032x00000Me4IYAAZ,623596,2701827,0062x00000Acr0lAAB,0012x00000THSKaAAP,6,,Living Expenses,5,200,9.857,Fortnightly,Loan Paid
1,0032x00000Me2OKAAZ,629448,2736370,0062x00000Adv0xAAB,0012x00000THQFmAAP,8,,Medical Expenses,5,200,8.857,Fortnightly,Loan Paid
1,0032x00000MdzW2AAJ,628650,2731806,0062x00000AdlYyAAJ,0012x00000THNqMAAX,4,,Other Expenses,5,200,9.143,Fortnightly,Loan Paid
1,0032x00000MdyuxAAB,5107746,2712948,0062x00000AdAzFAAV,0012x00000THNBFAA5,8,,Living Expenses,5,200,10,Fortnightly,Loan Paid
1,0032x00000MdyiTAAR,5104609,2627028,0062x00000AM3xiAAD,0012x00000THMzfAAH,5,,Other Expenses,5,200,9.714,Fortnightly,Loan Paid
1,0032x00000MdvAVAAZ,627397,2724617,0062x00000AdUOpAAN,0012x00000THJ93AAH,6,,Living Expenses,5,200,10,Fortnightly,Loan Paid
1,0032x00000MdspNAAR,627565,2725831,0062x00000AdWN9AAN,0012x00000THH1TAAX,4,,Other Expenses,5,200,8.714,Fortnightly,Loan Paid
1,0032x00000MdrZKAAZ,627685,2726252,0062x00000AdX1iAAF,0012x00000THFlbAAH,8,,Living Expenses,5,200,9.429,Fortnightly,Loan Paid
1,0032x00000MdlYuAAJ,604788,2597838,0062x00000ALAzZAAX,0012x00000TH9knAAD,6,,Furniture or Appliances,5,200,9.857,Fortnightly,Loan Paid
1,0032x00000MdkVaAAJ,630141,2739976,0062x00000Ae24MAAR,0012x00000TH8SXAA1,7,,Medical Expenses,5,200,8.857,Fortnightly,Loan Paid
1,0032x00000MdjvqAAB,637929,2781146,0062x00000AfF16AAF,0012x00000TH7kyAAD,8,,Vehicle Expenses,5,200,9.857,Fortnightly,Loan Paid
1,0032x00000MdilCAAR,632448,2752256,0062x00000AePcfAAF,0012x00000TH6gNAAT,5,,Life Event Expenses,5,200,9.857,Fortnightly,Loan Paid
1,0032x00000MdiNKAAZ,628772,2731833,0062x00000AdlkBAAR,0012x00000TH6LpAAL,4,,Living Expenses,5,200,10.286,Fortnightly,Loan Paid
1,0032x00000FHk5hAAD,468110,1700342,0062x00000881BhAAI,0012x00000LOrJqAAL,7,,Living Expenses,5,200,9,Fortnightly,Loan Paid
1,0032x00000FHgnVAAT,467795,1698992,0062x0000087y8vAAA,0012x00000LOoS4AAL,4,,Relocation Expenses,5,200,11,Fortnightly,Loan Paid
1,0032x00000FHdUiAAL,467717,1697265,0062x0000087uqLAAQ,0012x00000LOlLDAA1,5,,Vehicle Expenses,5,200,10.714,Fortnightly,Loan Paid
1,0032x00000FHc3cAAD,5072052,1696556,0062x0000087syNAAQ,0012x00000LOkBYAA1,6,,Medical Expenses,5,200,9.571,Fortnightly,Loan Paid
1,0032x00000FH0P9AAL,466934,1693461,0062x0000087oTjAAI,0012x00000L3RV6AAN,9,,Medical Expenses,5,200,8.429,Fortnightly,Loan Paid
1,0032x00000FGvamAAD,466606,1691091,0062x0000087kivAAA,0012x00000L3N2jAAF,7,,Vehicle Expenses,5,200,10.143,Fortnightly,Loan Paid
1,0032x00000FGpTNAA1,466056,1687832,0062x0000087e6GAAQ,0012x00000L3HM7AAN,8,,Car Repairs,5,200,10.143,Fortnightly,Loan Paid
1,0032x00000FGmSlAAL,465891,1686245,0062x0000087b1WAAQ,0012x00000L3EjxAAF,4,,Other,5,200,10,Fortnightly,Loan Paid
1,0032x00000FGiejAAD,465456,1684397,0062x0000087XYoAAM,0012x00000L3BENAA3,7,,Other Expenses,5,200,10.429,Fortnightly,Loan Paid
1,0032x00000FGiU5AAL,465443,1684296,0062x0000087XLLAA2,0012x00000L3B6BAAV,5,,Living Expenses,5,200,9.143,Fortnightly,Loan Paid
1,0032x00000FGh8cAAD,465307,1683628,0062x0000087VvEAAU,0012x00000L39sVAAR,5,,Living Expenses,5,200,9.143,Fortnightly,Loan Paid
1,0032x00000FGdfeAAD,465105,1682068,0062x0000087SoqAAE,0012x00000L36l4AAB,5,,Home Improvements / Goods / Furniture,5,200,9.429,Fortnightly,Loan Paid
1,0032x00000FGYEMAA5,464876,1680981,0062x0000087PrMAAU,0012x00000L34FuAAJ,4,,Living Expenses,5,200,9,Fortnightly,Loan Paid
1,0032x00000FGV6WAAX,464884,1680998,0062x0000087Q2iAAE,0012x00000L313gAAB,4,,Living Expenses,5,200,10.286,Fortnightly,Loan Paid
1,0032x00000FGMbjAAH,464530,1678204,0062x0000087JR7AAM,0012x00000L2xwtAAB,4,,Education costs,5,200,10.571,Fortnightly,Loan Paid
1,0032x00000FGKceAAH,464399,1677445,0062x0000087HY2AAM,0012x00000L2wJ4AAJ,6,,Vehicle Expense,5,200,10.429,Fortnightly,Loan Paid
1,0032x00000FGG8uAAH,464159,1675340,0062x0000087DbPAAU,0012x00000L2rEuAAJ,4,,Other Expenses,5,200,9.286,Fortnightly,Loan Paid
1,0032x00000FGFO0AAP,464317,1675088,0062x0000087CkvAAE,0012x00000L2qInAAJ,5,,Living Expenses,5,200,10.429,Fortnightly,Loan Paid
1,0032x00000FGBmfAAH,464426,1674870,0062x0000087CIYAA2,0012x00000L2pjgAAB,9,,Medical Expenses,5,200,8.857,Fortnightly,Loan Paid
1,0032x00000E6k9iAAB,461904,1660893,0062x0000086g74AAA,0012x00000KMLMgAAP,6,,Living Expenses,5,200,9.429,Fortnightly,Loan Paid
1,0032x00000E6hR7AAJ,461808,1660176,0062x0000086dhXAAQ,0012x00000KMImpAAH,11,,Living Expenses,5,200,9.286,Fortnightly,Loan Paid
1,0032x00000E6hR7AAJ,466288,1689676,0062x0000087hKfAAI,0012x00000KMImpAAH,11,,Living Expenses,5,200,9.714,Fortnightly,Loan Paid
1,0032x00000E6hHHAAZ,467960,1699721,0062x0000087zfoAAA,0012x00000KMIe1AAH,4,,Living Expenses,5,200,9.286,Fortnightly,Loan Paid
1,0032x00000E6gzKAAR,461705,1659881,0062x0000086cqaAAA,0012x00000KMIQFAA5,7,,Other,5,200,10.429,Fortnightly,Loan Paid
1,0032x00000E6dJsAAJ,463840,1673615,0062x0000087A9JAAU,0012x00000KMEdOAAX,5,,Living Expenses,5,200,9.714,Fortnightly,Loan Paid
1,0032x00000E6Zk6AAF,461209,1656856,0062x0000086VbAAAU,0012x00000KMB6QAAX,9,,Medical Expenses,5,200,9,Fortnightly,Loan Paid
1,0032x00000E6YyVAAV,461106,1656335,0062x0000086UkuAAE,0012x00000KMALkAAP,5,,Vehicle Expenses,5,200,8.857,Fortnightly,Loan Paid
1,0032x00000E6WTaAAN,462249,1654985,0062x0000086SQvAAM,0012x00000KM7xSAAT,4,,Living Expenses,5,200,10,Fortnightly,Loan Paid
1,0032x00000E6TjxAAF,464983,1681428,0062x0000087R2KAAU,0012x00000KM5m2AAD,11,,Travel Expenses,5,200,10,Fortnightly,Loan Paid
1,0032x00000E6TQCAA3,460729,1653579,0062x0000086OrEAAU,0012x00000KM5YKAA1,4,,Living Expenses,5,200,9,Fortnightly,Loan Paid
1,0032x00000E6NHPAA3,460296,1650736,0062x0000086JVgAAM,0012x00000KLnN6AAL,11,,Living Expenses,5,200,9.857,Fortnightly,Loan Paid
1,0032x00000E6KyQAAV,5069896,1648919,0062x00000718SxAAI,0012x00000KLklhAAD,7,,Child Expenses,5,200,9.286,Fortnightly,Loan Paid
1,0032x00000E6HyPAAV,459687,1646983,0062x000007153aAAA,0012x00000KLi1MAAT,4,,Living Expenses,5,200,10.143,Fortnightly,Loan Paid
1,0032x00000E6HEWAA3,459682,1646703,0062x00000714dhAAA,0012x00000KLhRJAA1,6,,Living Expenses,5,200,9.429,Fortnightly,Loan Paid
1,0032x00000E6Fc7AAF,459347,1644238,0062x00000710IEAAY,0012800001b1v3NAAQ,5,,Child Expenses,5,200,9.286,Fortnightly,Loan Paid
1,0032x00000E6EyRAAV,459780,1644920,0062x000007129pAAA,0012x00000KLfODAA1,4,,Relocation Expenses,5,200,9.286,Fortnightly,Loan Paid
1,0032x00000E6DYoAAN,459432,1644366,0062x00000710eSAAQ,0012x00000KLe1LAAT,5,,Living Expenses,5,200,9.429,Fortnightly,Loan Paid
1,0032x00000E6AkfAAF,467944,1699607,0062x0000087zS3AAI,0012x00000KLbAmAAL,5,,Vehicle Expenses,5,200,9.571,Fortnightly,Loan Paid
1,0032x00000E67s9AAB,458913,1640537,0062x0000070u4CAAQ,0012x00000KLT9yAAH,4,,Living Expenses,5,200,9.143,Fortnightly,Loan Paid
1,0032x00000E67rVAAR,459083,1640527,0062x0000070u3EAAQ,0012x00000KLT7sAAH,6,,Medical Expenses,5,200,9.429,Fortnightly,Loan Paid
1,0032x00000E67M3AAJ,467648,1697505,0062x0000087vLYAAY,0012x00000KLRpJAAX,6,,Relocation Expenses,5,200,10.571,Fortnightly,Loan Paid
1,0032x00000E66zHAAR,458797,1639702,0062x0000070sp1AAA,0012x00000KLR5oAAH,4,,Medical/Dental Costs,5,200,9.286,Fortnightly,Loan Paid
1,0032x00000E65jSAAR,467892,1699460,0062x0000087z9uAAA,0012x00000KLN9ZAAX,7,,Living Expenses,5,200,9.429,Fortnightly,Loan Paid
1,0032x00000E63rqAAB,458476,1637408,0062x0000070otLAAQ,0012x00000KLH9nAAH,9,,Other Expenses,5,200,8.857,Fortnightly,Loan Paid
1,0032x00000E63jSAAR,458408,1637297,0062x0000070oihAAA,0012x00000KLGhyAAH,4,,Living Expenses,5,200,9.286,Fortnightly,Loan Paid
1,0032x00000E62JaAAJ,458348,1636165,0062x0000070mi5AAA,0012x00000KLBemAAH,11,,Basic Living / Work Expenses,5,200,9.714,Fortnightly,Loan Paid
1,0032x00000E61oDAAR,458358,1635790,0062x0000070lxyAAA,0012x00000KL9g3AAD,4,,Living Expenses,5,200,9.571,Fortnightly,Loan Paid
1,0032x00000E61dPAAR,458175,1635625,0062x0000070ljSAAQ,0012x00000KL97qAAD,5,,Everyday living,5,200,8.857,Fortnightly,Loan Paid
1,0032x00000E61UIAAZ,458170,1635510,0062x0000070lZ8AAI,0012x00000KL8XjAAL,4,,Vehicle Expenses,5,200,9.857,Fortnightly,Loan Paid
1,0032x00000E60VeAAJ,457988,1634500,0062x0000070kHXAAY,0012x00000KL5sxAAD,6,,Other,5,200,8.714,Fortnightly,Loan Paid
1,0032x00000E5y6KAAR,457784,1632641,0062x0000070hMjAAI,0012x00000KKyYeAAL,6,,Vehicle Expenses,5,200,9.143,Fortnightly,Loan Paid
1,0032x00000E5w7yAAB,457466,1630988,0062x0000070eyIAAQ,0012x00000KKtjxAAD,6,,Living Expenses,5,200,9.857,Fortnightly,Loan Paid
1,0032x00000E5tgTAAR,457226,1628903,0062x0000070bz3AAA,0012x00000KKn8WAAT,4,,Living Expenses,5,200,9.286,Fortnightly,Loan Paid
1,0032x00000E5sSAAAZ,456949,1627372,0062x0000070ZejAAE,0010K00001g6SHLQA2,7,,Vehicle Expenses,5,200,8.857,Fortnightly,Loan Paid
1,0032x00000E5sF6AAJ,457214,1627739,0062x0000070aCCAAY,0012x00000KKjSJAA1,12,,Living Expenses,5,200,9.143,Fortnightly,Loan Paid
1,0032x00000E5sF6AAJ,460969,1647709,0062x00000716brAAA,0012x00000KKjSJAA1,12,,Relocation Expenses,5,200,10.286,Fortnightly,Loan Paid
1,0032x00000E5qysAAB,459152,1642887,0062x0000070xzGAAQ,0012x00000KKguLAAT,12,,Living Expenses,5,200,10,Fortnightly,Loan Paid
1,0032x00000E5qOQAAZ,462471,1659698,0062x0000086cLSAAY,0012x00000KKgLaAAL,4,,Living Expenses,5,200,10.571,Fortnightly,Loan Paid
1,0032x00000E5ngLAAR,456558,1624294,0062x0000070UuzAAE,0012x00000KKdrdAAD,4,,Living Expenses,5,200,9.143,Fortnightly,Loan Paid
1,0032x00000E5n5NAAR,456467,1623795,0062x0000070UBfAAM,0012x00000KKdKPAA1,5,,Other,5,200,9,Fortnightly,Loan Paid
1,0032x00000E5msxAAB,456452,1623653,0062x0000070TzeAAE,0012x00000KKd9qAAD,4,,Living Expenses,5,200,9.857,Fortnightly,Loan Paid
1,0032x00000E5msnAAB,456431,1623650,0062x0000070TzPAAU,0012x00000KKd9gAAD,4,,Living Expenses,5,200,10,Fortnightly,Loan Paid
1,0032x00000D59cMAAR,455755,1618614,0062x000007bKdgAAE,0012x00000IPkylAAD,14,,Living Expenses,5,200,9.429,Fortnightly,Loan Paid
1,0032x00000D59TtAAJ,455686,1618544,0062x000007bKUZAA2,0012x00000IPkr6AAD,4,,Living Expenses,5,200,10.286,Fortnightly,Loan Paid
1,0032x00000D58fjAAB,464926,1681201,0062x0000087QX7AAM,0012x00000IPk7NAAT,8,,Living Expenses,5,200,9.429,Fortnightly,Loan Paid
1,0032x00000D58XfAAJ,455672,1618033,0062x000007bJgVAAU,0012x00000IPk0bAAD,7,,Living Expenses,5,200,9.571,Fortnightly,Loan Paid
1,0032x00000D58JTAAZ,455490,1617608,0062x000007bIxsAAE,0012x00000IPjnwAAD,6,,Living Expenses,5,200,8.714,Fortnightly,Loan Paid
1,0032x00000D5852AAB,455527,1617373,0062x000007bIaCAAU,0012x00000IPjaiAAD,5,,Living Expenses,5,200,9.714,Fortnightly,Loan Paid
1,0032x00000D57ihAAB,455714,1617324,0062x000007bICWAA2,0012x00000IPjSEAA1,10,,Living Expenses,5,200,9.286,Fortnightly,Loan Paid
1,0032x00000D5377AAB,454796,1613634,0062x000007bCM7AAM,0012x00000IPdx2AAD,4,,Other,5,200,8.714,Fortnightly,Loan Paid
1,0032x00000D4z9IAAR,460481,1652428,0062x0000086MUmAAM,0012x00000IPaDKAA1,8,,Living Expenses,5,200,8.714,Fortnightly,Loan Paid
1,0032x00000D4sUvAAJ,453522,1605110,0062x000007az3PAAQ,0012x00000IPTTjAAP,5,,Medical / Dental,5,200,9.429,Fortnightly,Loan Paid
1,0032x00000D4rZLAAZ,5069950,1650708,0062x0000086JRyAAM,0012x00000IPShQAAX,10,,Living Expenses,5,200,9.143,Fortnightly,Loan Paid
1,0032x00000D4oGJAAZ,465175,1681738,0062x0000087RmrAAE,0012x00000IPPQNAA5,8,,Vehicle Expenses,5,200,10.571,Fortnightly,Loan Paid
1,0032x00000D4o3EAAR,453104,1601692,0062x000007atO3AAI,0012x00000IPP5yAAH,14,,Living Expenses,5,200,9.286,Fortnightly,Loan Paid
1,0032x00000D4nWeAAJ,5068324,1601223,0062x000007ask8AAA,0012x00000IPObnAAH,9,,Living Expenses,5,200,9.286,Fortnightly,Loan Paid
1,0032x00000D4l3OAAR,452803,1599301,0062x000007apoQAAQ,0012x00000IOuS5AAL,7,,travel_food,5,200,9.286,Fortnightly,Loan Paid
1,0032x00000D4j65AAB,452599,1598027,0062x000007aneOAAQ,0012x00000IOsmlAAD,11,,Travel / holiday,5,200,10.571,Fortnightly,Loan Paid
1,0032x00000D4iShAAJ,452495,1597434,0062x000007amiXAAQ,0012x00000IOs7LAAT,4,,Bills,5,200,10.286,Fortnightly,Loan Paid
1,0032x00000D4iKEAAZ,5068138,1597302,0062x000007amLUAAY,0012x00000IOrzvAAD,10,,Living Expenses,5,200,10.429,Fortnightly,Loan Paid
1,0032x00000D4iFYAAZ,452125,1594627,0062x000007ahNVAAY,0010K00001xiJnWQAU,5,,Medical Expenses,5,200,8.714,Fortnightly,Loan Paid
1,0032x00000D4i83AAB,453163,1597115,0062x000007amHbAAI,0012x00000IOronAAD,5,,Other,5,200,9.571,Fortnightly,Loan Paid
1,0032x00000D4hPTAAZ,5068127,1596770,0062x000007alC1AAI,0012x00000IOqmKAAT,4,,Living Expenses,5,200,9.429,Fortnightly,Loan Paid
1,0032x00000D4gkQAAR,5068091,1596138,0062x000007akG7AAI,0012x00000IOpyeAAD,7,,Living Expenses,5,200,9.286,Fortnightly,Loan Paid
1,0032x00000D4gfHAAR,5068166,1596255,0062x000007ak8CAAQ,0012x00000IOptGAAT,4,,Living Expenses,5,200,9.286,Fortnightly,Loan Paid
1,0032x00000D4gVRAAZ,452323,1595902,0062x000007ajvZAAQ,0012x00000IOpjVAAT,5,,Living Expenses,5,200,10.143,Fortnightly,Loan Paid
1,0032x00000D4gK9AAJ,452321,1595753,0062x000007ajkGAAQ,0012x00000IOpXyAAL,6,,Medical Expenses,5,200,9.429,Fortnightly,Loan Paid
1,0032x00000D4fCpAAJ,452261,1595056,0062x000007aiIMAAY,0012x00000IOoPZAA1,6,,Other Expenses,5,200,8.857,Fortnightly,Loan Paid
1,0032x00000D4eNcAAJ,5068043,1594942,0062x000007ai45AAA,0012x00000IOnMdAAL,7,,Home Maintenance & Repairs,5,200,9.429,Fortnightly,Loan Paid
1,0032x00000D4cMKAAZ,452034,1593842,0062x000007ag69AAA,0012x00000IOlPjAAL,5,,Travel Expenses,5,200,8.857,Fortnightly,Loan Paid
1,0032x00000D4bemAAB,5071824,1692479,0062x0000087nCmAAI,0012x00000IOkfdAAD,8,,Living Expenses,5,200,9.857,Fortnightly,Loan Paid
1,0032x00000D4an6AAB,452012,1592711,0062x000007ae00AAA,0012x00000IOjn7AAD,4,,Furniture or Appliances,5,200,9.143,Fortnightly,Loan Paid
1,0032x00000D4aBHAAZ,451796,1592301,0062x000007adD3AAI,0012x00000IOjGIAA1,6,,Living Expenses,5,200,9,Fortnightly,Loan Paid
1,0032x00000D4a5iAAB,466840,1693009,0062x0000087ns4AAA,0012x00000IOjCGAA1,8,,Vehicle Expenses,5,200,8.714,Fortnightly,Loan Paid
1,0032x00000D4YSVAA3,452625,1591007,0062x000007aaweAAA,0012x00000IOhkGAAT,4,,Relocation Expenses,5,200,11,Fortnightly,Loan Paid
1,0032x00000D4RBrAAN,5067562,1586053,0062x000007aRmFAAU,0012x00000IOZtoAAH,4,,Living Expenses,5,200,10,Fortnightly,Loan Paid
1,0032x00000D4OdiAAF,5068494,1604688,0062x000007ayRAAAY,0012x00000IOXsEAAX,10,,Living Expenses,5,200,10.429,Fortnightly,Loan Paid
1,0032x00000D4FBGAA3,5067373,1582154,0062x000007aKMsAAM,0012x00000IOQmxAAH,9,,Living Expenses,5,200,10.429,Fortnightly,Loan Paid
1,0032x00000D4ExJAAV,450291,1581951,0062x000007aK5NAAU,0012x00000IOQZoAAP,7,,Living Expenses,5,200,9.429,Fortnightly,Loan Paid
1,0032x00000D4ESkAAN,5067366,1581563,0062x000007aJY2AAM,0012x00000IOQ6hAAH,10,,Living Expenses,5,200,9,Fortnightly,Loan Paid
1,0032x00000D4CSiAAN,450104,1580019,0062x000007aH3rAAE,0012x00000IOOAxAAP,5,,Home Maintenance & Repairs.,5,200,9.429,Fortnightly,Loan Paid
1,0032x00000D4BXAAA3,5067249,1579416,0062x000007aFxfAAE,0012x00000IONDrAAP,5,,Medical Expenses,5,200,9.143,Fortnightly,Loan Paid
1,0032x00000D4AhTAAV,449972,1578769,0062x000007aEu7AAE,0012x00000IOMQLAA5,7,,Living Expenses,5,200,9.143,Fortnightly,Loan Paid
1,0032x00000D4AAfAAN,450160,1580847,0062x000007aIXrAAM,0012x00000IOLvYAAX,4,,Vehicle Expenses,5,200,10.143,Fortnightly,Loan Paid
1,0032x00000D48J9AAJ,458777,1639656,0062x0000070sldAAA,0012x00000IOKFwAAP,18,,Living Expenses,5,200,10.429,Fortnightly,Loan Paid
1,0032x00000D46O9AAJ,460091,1649355,0062x0000086HPuAAM,0012x00000IOIDkAAP,7,,Furniture or Appliances,5,200,9.857,Fortnightly,Loan Paid
1,0032x00000D46JiAAJ,449533,1575573,0062x000007a9GEAAY,0012x00000IOI99AAH,5,,Other,5,200,10,Fortnightly,Loan Paid
1,0032x00000D46EsAAJ,449514,1575461,0062x000007a95zAAA,0012x00000IOI36AAH,8,,Living Expenses,5,200,9.429,Fortnightly,Loan Paid
1,0032x00000D466oAAB,449496,1575357,0062x000007a8wEAAQ,0012x00000IOHuxAAH,9,,Living Expenses,5,200,9.857,Fortnightly,Loan Paid
1,0032x00000D45s8AAB,449470,1575147,0062x000007a8e5AAA,0012x00000IOHf9AAH,4,,Living Expenses,5,200,9.714,Fortnightly,Loan Paid
1,0032x00000D45MRAAZ,458815,1639282,0062x0000070sBRAAY,0012x00000IOH7HAAX,11,,Furniture or Appliances,5,200,8.714,Fortnightly,Loan Paid
1,0032x00000D44xRAAR,449349,1574258,0062x000007a7UZAAY,0012x00000IOGgiAAH,6,,Living Expenses,5,200,9.571,Fortnightly,Loan Paid
1,0032x00000D44e0AAB,449284,1573952,0062x000007a76vAAA,0012x00000IOGNvAAP,8,,Living Expenses,5,200,10.429,Fortnightly,Loan Paid
1,0032x00000D445eAAB,449310,1573539,0062x000007a6PQAAY,0012x00000IOFoSAAX,7,,Living Expenses,5,200,10,Fortnightly,Loan Paid
1,0032x00000D43o6AAB,449274,1573394,0062x000007a64oAAA,0012x00000IOFVsAAP,4,,Living Expenses,5,200,9.143,Fortnightly,Loan Paid
1,0032x00000D43lVAAR,449252,1573368,0062x000007a62JAAQ,0012x00000IOFTHAA5,6,,Living Expenses,5,200,10.143,Fortnightly,Loan Paid
1,0032x00000D42uWAAR,449134,1572663,0062x000007a50lAAA,0012x00000IOEbUAAX,4,,Medical Expenses,5,200,9,Fortnightly,Loan Paid
1,0032x00000D42AEAAZ,460200,1650225,0062x0000086Ig8AAE,0012x00000IODs0AAH,13,,Living Expenses,5,200,9.143,Fortnightly,Loan Paid
1,0032x00000D425nAAB,448985,1571866,0062x000007a3yoAAA,0012x00000IODlsAAH,10,,Living Expenses,5,200,9.714,Fortnightly,Loan Paid
1,0032x00000D40qNAAR,448780,1570409,0062x000007a2AJAAY,0012x00000IOCXfAAP,4,,Living Expenses,5,200,9.143,Fortnightly,Loan Paid
1,0032x00000D3yFyAAJ,461057,1656042,0062x0000086UNvAAM,0012x00000IO9XmAAL,5,,Life Event Expenses,5,200,8.857,Fortnightly,Loan Paid
1,0032x00000D3vSPAAZ,460221,1650291,0062x0000086IlFAAU,0012x00000IO6myAAD,5,,Living Expenses,5,200,9.143,Fortnightly,Loan Paid
1,0032x00000D3uwnAAB,460865,1654454,0062x0000086QjWAAU,0012x00000IO6KLAA1,6,,Life Event Expenses,5,200,9.571,Fortnightly,Loan Paid
1,0032x00000D3uXPAAZ,448440,1568443,0062x000007ZzG6AAK,0012x00000IO5xrAAD,7,,Living Expenses,5,200,9.714,Fortnightly,Loan Paid
1,0032x00000D3raUAAR,448078,1565925,0062x000007ZvKVAA0,0012x00000IO384AAD,9,,Car Repairs,5,200,10,Fortnightly,Loan Paid
1,0032x00000D3rU7AAJ,448223,1565841,0062x000007ZvDeAAK,0012x00000IO32GAAT,6,,Living Expenses,5,200,9.286,Fortnightly,Loan Paid
1,0032x00000D3rH3AAJ,448035,1565700,0062x000007Zv19AAC,0012x00000IO2pgAAD,4,,Living Expenses,5,200,9.286,Fortnightly,Loan Paid
1,0032x00000D3nhNAAR,447794,1563471,0062x000007ZrsnAAC,0012x00000INzCWAA1,9,,Living Expenses,5,200,9.286,Fortnightly,Loan Paid
1,0032x00000D3mwKAAR,447686,1562988,0062x000007Zr44AAC,0012x00000INyTwAAL,6,,Living Expenses,5,200,10.286,Fortnightly,Loan Paid
1,0032x00000D3mcdAAB,447663,1562737,0062x000007ZqcoAAC,0012x00000INyC6AAL,8,,Living Expenses,5,200,10.143,Fortnightly,Loan Paid
1,0032x00000D3mOGAAZ,447591,1562531,0062x000007ZqKfAAK,0012x00000INy0jAAD,10,,Living Expenses,5,200,9.571,Fortnightly,Loan Paid
1,0032x00000D3mEGAAZ,447598,1562440,0062x000007ZqBOAA0,0012x00000INxsaAAD,5,,Living Expenses,5,200,9.429,Fortnightly,Loan Paid
1,0032x00000D3mAiAAJ,463227,1669863,0062x00000872TlAAI,0012x00000INxplAAD,4,,Veterinary Expenses,5,200,9.857,Fortnightly,Loan Paid
1,0032x00000D3kRiAAJ,447395,1560557,0062x000007ZngFAAS,0012x00000INwEHAA1,7,,Living Expenses,5,200,10.143,Fortnightly,Loan Paid
1,0032x00000D3jneAAB,447421,1560213,0062x000007ZmvOAAS,0012x00000INvWiAAL,6,,Living Expenses,5,200,8.714,Fortnightly,Loan Paid
1,0032x00000D3PoWAAV,468014,1699947,0062x000008809zAAA,0012x00000INt17AAD,4,,Medical Expenses,5,200,9.143,Fortnightly,Loan Paid
1,0032x00000D3PG5AAN,447229,1559493,0062x000007ZlWgAAK,0012x00000INscqAAD,9,,Medical Expenses,5,200,10.429,Fortnightly,Loan Paid
1,0032x00000D3P4sAAF,447218,1559329,0062x000007ZlIyAAK,0012x00000INsTeAAL,5,,Living Expenses,5,200,9.571,Fortnightly,Loan Paid
1,0032x00000D3OHvAAN,455956,1620491,0062x0000070N5IAAU,0012x00000INrpjAAD,4,,Medical Expenses,5,200,9,Fortnightly,Loan Paid
1,0032x00000D3OBnAAN,447059,1558413,0062x000007Zjv0AAC,0012x00000INrkZAAT,4,,Living Expenses,5,200,9.571,Fortnightly,Loan Paid
1,0032x00000D3N94AAF,455597,1618062,0062x000007bJkvAAE,0012x00000INqwZAAT,6,,Living Expenses,5,200,8.571,Fortnightly,Loan Paid
1,0032x00000D3MX9AAN,467028,1694603,0062x0000087qCeAAI,0012x00000INqVdAAL,11,,Living Expenses,5,200,9.714,Fortnightly,Loan Paid
1,0032x00000D3MWBAA3,446949,1557711,0062x000007ZiTGAA0,0012x00000INqUzAAL,4,,Living Expenses,5,200,8.714,Fortnightly,Loan Paid
1,0032x00000D3LIjAAN,446738,1556394,0062x000007Zfw0AAC,0012x00000INpNYAA1,7,,Once off purchase,5,200,9.857,Fortnightly,Loan Paid
1,0032x00000D3LDzAAN,5066729,1556360,0062x000007Zfs3AAC,0012x00000INpKQAA1,4,,Veterinary Expenses,5,200,9.571,Fortnightly,Loan Paid
1,0032x00000D3LBxAAN,462671,1666093,0062x0000086sxyAAA,0012x00000INpIxAAL,9,,Home Maintenance & Repairs,5,200,9.714,Fortnightly,Loan Paid
1,0032x00000D3KuSAAV,466249,1688041,0062x0000087efLAAQ,0012x00000INp5KAAT,7,,Living Expenses,5,200,8.857,Fortnightly,Loan Paid
1,0032x00000D3KYWAA3,446580,1555516,0062x000007ZeZoAAK,0012x00000INon6AAD,7,,Other,5,200,8.857,Fortnightly,Loan Paid
1,0032x00000D3IgaAAF,446505,1554036,0062x000007ZcKoAAK,0012x00000INmyNAAT,7,,To pay off an item and for personal use,5,200,9.857,Fortnightly,Loan Paid
1,0032x00000D3HI8AAN,446227,1553169,0062x000007ZauZAAS,0012x00000INlXaAAL,6,,Living Expenses,5,200,8.857,Fortnightly,Loan Paid
1,0032x00000D3EBbAAN,445792,1550432,0062x000007ZWrIAAW,0012x00000INidmAAD,8,,Living Expenses,5,200,10.143,Fortnightly,Loan Paid
1,0032x00000D3D37AAF,445640,1549623,0062x000007ZVaQAAW,0012x00000INhV8AAL,6,,Living Expenses,5,200,10.143,Fortnightly,Loan Paid
1,0032x00000D3CkUAAV,445572,1549281,0062x000007ZV4VAAW,0012x00000INhGmAAL,11,,Living Expenses,5,200,9,Fortnightly,Loan Paid
1,0032x00000D3CfKAAV,445556,1549184,0062x000007ZUz1AAG,0012x00000INhCkAAL,5,,Living Expenses,5,200,9.714,Fortnightly,Loan Paid
1,0032x00000D3C5bAAF,445475,1548576,0062x000007ZU9GAAW,0012x00000INggrAAD,10,,Living Expenses,5,200,10,Fortnightly,Loan Paid
1,0032x00000D3AEEAA3,459577,1646300,0062x000007140kAAA,0012x00000INetrAAD,4,,One-off purchase,5,200,9,Fortnightly,Loan Paid
1,0032x00000D3AEEAA3,463615,1667773,0062x0000086wl6AAA,0012x00000INetrAAD,4,,Vehicle Expenses,5,200,9.857,Fortnightly,Loan Paid
1,0032x00000D39ABAAZ,457601,1631869,0062x0000070gAHAAY,0012x00000INdNGAA1,11,,Vehicle Expenses,5,200,9,Fortnightly,Loan Paid
1,0032x00000D38mnAAB,445195,1546244,0062x000007ZQVNAA4,0012x00000INd2FAAT,7,,Living Expenses,5,200,9.143,Fortnightly,Loan Paid
1,0032x00000D36BtAAJ,444899,1544080,0062x000007ZNL5AAO,0012x00000INaVmAAL,8,,Living Expenses,5,200,9.143,Fortnightly,Loan Paid
1,0032x00000D35PBAAZ,457653,1632137,0062x0000070gSqAAI,0012x00000INZxcAAH,12,,Living Expenses,5,200,9,Fortnightly,Loan Paid
1,0032x00000D353AAAR,444775,1543428,0062x000007ZM8CAAW,0012x00000INZimAAH,5,,Living Expenses,5,200,9.143,Fortnightly,Loan Paid
1,0032x00000D34tPAAR,444749,1543318,0062x000007ZLwEAAW,0012x00000INZbWAAX,5,,Living Expenses,5,200,9.286,Fortnightly,Loan Paid
1,0032x00000D34hFAAR,444738,1543194,0062x000007ZLlLAAW,0012x00000INZT9AAP,4,,Living Expenses,5,200,9.143,Fortnightly,Loan Paid
1,0032x00000D34D7AAJ,444664,1542738,0062x000007ZL5eAAG,0012x00000INYzbAAH,4,,Living Expenses,5,200,10.286,Fortnightly,Loan Paid
1,0032x00000D349yAAB,444677,1542696,0062x000007ZL26AAG,0012x00000INYwrAAH,5,,Home Maintenance & Repairs.,5,200,9.571,Fortnightly,Loan Paid
1,0032x00000D33X1AAJ,454609,1612142,0062x000007b9oGAAQ,0012x00000INYRIAA5,5,,Medical Expenses,5,200,9,Fortnightly,Loan Paid
1,0032x00000D3352AAB,444534,1541640,0062x000007ZJhgAAG,0012x00000INY28AAH,6,,Living Expenses,5,200,9.286,Fortnightly,Loan Paid
1,0032x00000D31ONAAZ,5066331,1540518,0062x000007ZHopAAG,0012x00000INWV5AAP,13,,Medical Expenses,5,200,10.571,Fortnightly,Loan Paid
1,0032x00000D31HHAAZ,445307,1540443,0062x000007ZHfIAAW,0012x00000INWQtAAP,10,,Home Maintenance & Repairs,5,200,10.714,Fortnightly,Loan Paid
1,0032x00000D3185AAB,444400,1540334,0062x000007ZHMlAAO,0012x00000INWJxAAP,4,,Living Expenses,5,200,9.714,Fortnightly,Loan Paid
1,0032x00000D30UtAAJ,454516,1611421,0062x000007b8o0AAA,0012x00000INVroAAH,8,,Living Expenses,5,200,8.571,Fortnightly,Loan Paid
1,0032x00000D30ITAAZ,445076,1539681,0062x000007ZGQAAA4,0012x00000INVhPAAX,4,,Living Expenses,5,200,9.429,Fortnightly,Loan Paid
1,0032x00000D2zMZAAZ,444020,1538667,0062x000007ZEw0AAG,0012x00000INUxCAAX,6,,Living Expenses,5,200,9.143,Fortnightly,Loan Paid
1,0032x00000D2ysgAAB,465730,1685507,0062x0000087a2dAAA,0012x00000INUTHAA5,9,,Medical Expenses,5,200,10.143,Fortnightly,Loan Paid
1,0032x00000D2xubAAB,460466,1652419,0062x0000086MU3AAM,0012x00000INTgwAAH,5,,Living Expenses,5,200,9.571,Fortnightly,Loan Paid
1,0032x00000D2xZxAAJ,450139,1579709,0062x000007aGQeAAM,0012x00000INTMQAA5,7,,Living Expenses,5,200,8.714,Fortnightly,Loan Paid
1,0032x00000D2xLBAAZ,446304,1553273,0062x000007Zb32AAC,0012x00000INT6PAAX,6,,Medical Expenses,5,200,10,Fortnightly,Loan Paid
1,0032x00000D2x0QAAR,443775,1536783,0062x000007ZBBdAAO,0012x00000INSkCAAX,6,,Living Expenses,5,200,9.714,Fortnightly,Loan Paid
1,0032x00000D2x0BAAR,444119,1536777,0062x000007ZBCaAAO,0012x00000INSjsAAH,10,,Living Expenses,5,200,9,Fortnightly,Loan Paid
1,0032x00000D2wBSAAZ,443606,1535894,0062x000007Z9pqAAC,0012x00000INRz1AAH,6,,car,5,200,9,Fortnightly,Loan Paid
1,0032x00000D2vlZAAR,443515,1535289,0062x000007Z9BaAAK,0012x00000INRZXAA5,5,,Living Expenses,5,200,9.571,Fortnightly,Loan Paid
1,0032x00000D2uJUAAZ,464973,1681494,0062x0000087RCAAA2,0012x00000INQ5hAAH,6,,Furniture or Appliances,5,200,9.143,Fortnightly,Loan Paid
1,0032x00000D2uFMAAZ,443397,1534077,0062x000007Z7KHAA0,0012x00000INQ0xAAH,5,,Home Maintenance & Repairs,5,200,8.857,Fortnightly,Loan Paid
1,0032x00000D2swpAAB,443226,1532706,0062x000007Z5R1AAK,0012x00000INOvSAAX,6,,Vehicle Expenses,5,200,9,Fortnightly,Loan Paid
1,0032x00000D2sjqAAB,459181,1643146,0062x0000070yNNAAY,0012x00000INMu3AAH,5,,Furniture or Appliances,5,200,10,Fortnightly,Loan Paid
1,0032x00000D2qmpAAB,5066056,1530533,0062x000007Z2OoAAK,0012x00000INL26AAH,12,,Living Expenses,5,200,9.143,Fortnightly,Loan Paid
1,0032x00000D2qelAAB,443349,1530413,0062x000007Z2BuAAK,0012x00000INKulAAH,8,,Living Expenses,5,200,9.286,Fortnightly,Loan Paid
1,0032x00000D2q2EAAR,5066036,1530046,0062x000007Z1YJAA0,0012x00000INK65AAH,4,,Living Expenses,5,200,8.857,Fortnightly,Loan Paid
1,0032x00000D2p4kAAB,442717,1529618,0062x000007Z0sDAAS,0012x00000INJ4WAAX,4,,Living Expenses,5,200,8.714,Fortnightly,Loan Paid
1,0032x00000D2nAiAAJ,442525,1528104,0062x000007YyqHAAS,0012x00000INHGRAA5,10,,Medical Bill,5,200,10.143,Fortnightly,Loan Paid
1,0032x00000D2l2UAAR,5065894,1526321,0062x000007YwLwAAK,0012x00000INF9IAAX,4,,Living Expenses,5,200,10,Fortnightly,Loan Paid
1,0032x00000D2k7GAAR,5065829,1525768,0062x000007YvMuAAK,0012x00000INDxZAAX,4,,Living Expenses,5,200,9.143,Fortnightly,Loan Paid
1,0032x00000D2jCtAAJ,5065813,1525474,0062x000007YuxAAAS,0012x00000IND5kAAH,4,,Vehicle Expenses,5,200,10,Fortnightly,Loan Paid
1,0032x00000D2if6AAB,5069672,1637286,0062x0000070ohZAAQ,0012x00000INCU5AAP,9,,Living Expenses,5,200,9.857,Fortnightly,Loan Paid
1,0032x00000D2iTZAAZ,448367,1567963,0062x000007ZyeSAAS,0012x00000INCKjAAP,9,,Other,5,200,10,Fortnightly,Loan Paid
1,0032x00000D2iDMAAZ,442104,1524639,0062x000007Ytn4AAC,0012x00000INC4sAAH,4,,Living Expenses,5,200,9.429,Fortnightly,Loan Paid
1,0032x00000D2OPkAAN,452799,1599040,0062x000007apJHAAY,0012x00000IN9VGAA1,11,,Other Expenses,5,200,5.429,Weekly,Loan Paid
1,0032x00000D2Ni1AAF,5065676,1522352,0062x000007YpxRAAS,0012x00000IN8ldAAD,4,,Living Expenses,5,200,10.429,Fortnightly,Loan Paid
1,0032x00000D2NKwAAN,441851,1522070,0062x000007YpWoAAK,0012x00000IN8R3AAL,7,,Home Maintenance & Repairs,5,200,9.143,Fortnightly,Loan Paid
1,0032x00000D2Li8AAF,441969,1520640,0062x000007YndAAAS,0012x00000IN6qGAAT,5,,Car Repairs,5,200,9.286,Fortnightly,Loan Paid
1,0032x00000D2LXyAAN,5065626,1520582,0062x000007YnTcAAK,0012x00000IN6gKAAT,13,,Living Expenses,5,200,9.571,Fortnightly,Loan Paid
1,0032x00000D2LAXAA3,442754,1520391,0062x000007Yn2OAAS,0012x00000IN6IiAAL,10,,Medical Expenses,5,200,9.714,Fortnightly,Loan Paid
1,0032x00000D2KCwAAN,441681,1519816,0062x000007YlrZAAS,0012x00000IN5PMAA1,4,,Living Expenses,5,200,9.143,Fortnightly,Loan Paid
1,0032x00000D2JnOAAV,5065706,1519467,0062x000007YlI1AAK,0012x00000IN55SAAT,4,,Living Expenses,5,200,9.286,Fortnightly,Loan Paid
1,0032x00000D2Ja4AAF,441589,1519185,0062x000007YkwYAAS,0012x00000IN4tLAAT,5,,Utility bill,5,100,9.429,Fortnightly,Loan Paid
1,0032x00000D2J5BAAV,5065527,1518557,0062x000007Yk7GAAS,0012x00000IN4TcAAL,4,,Vehicle Expenses,5,200,8.714,Fortnightly,Loan Paid
1,0032x00000D2IumAAF,451255,1588958,0062x000007aX9DAAU,0012x00000IN4LdAAL,8,,Living Expenses,5,200,9.714,Fortnightly,Loan Paid
1,0032x00000D2IdbAAF,5065726,1518133,0062x000007YjCfAAK,0012x00000IN48PAAT,5,,Living Expenses,5,200,9.429,Fortnightly,Loan Paid
1,0032x00000D2ILXAA3,5071100,1678078,0062x0000087J7bAAE,0012x00000IN3qaAAD,6,,Living Expenses,5,200,10.571,Fortnightly,Loan Paid
1,0032x00000D2H2MAAV,5069698,1639145,0062x0000070rylAAA,0012x00000IN2SzAAL,13,,Furniture or Appliances,5,200,9.143,Fortnightly,Loan Paid
1,0032x00000D2EbRAAV,5065362,1515467,0062x0000075H7uAAE,0012x00000IN007AAD,4,,Medical Expenses,5,200,4.857,Weekly,Loan Paid
1,0032x00000D2EKjAAN,440967,1515265,0062x0000075GiWAAU,0012x00000IMzlvAAD,4,,Living Expenses,5,200,8.571,Fortnightly,Loan Paid
1,0032x00000D2EHQAA3,5065342,1515192,0062x0000075GeTAAU,0012x00000IMzj6AAD,9,,Living Expenses,5,200,9.714,Fortnightly,Loan Paid
1,0032x00000D2EAuAAN,440976,1515186,0062x0000075GVDAA2,0012x00000IMzimAAD,12,,Medical Expenses,5,200,10,Fortnightly,Loan Paid
1,0032x00000D2E3dAAF,440920,1514997,0062x0000075GMKAA2,0012x00000IMzXPAA1,14,,Child Expenses,5,200,10.429,Fortnightly,Loan Paid
1,0032x00000D2D4pAAF,440772,1513965,0062x0000075EwaAAE,0012x00000IMyd5AAD,4,,Living Expenses,5,200,10.571,Fortnightly,Loan Paid
1,0032x00000D2BgFAAV,5065307,1513126,0062x0000075DVPAA2,0012x00000IMxMRAA1,4,,Living Expenses,5,200,10,Fortnightly,Loan Paid
1,0032x00000D2BAQAA3,445346,1547241,0062x000007ZSA2AAO,0012x00000IMwx2AAD,12,,Living Expenses,5,200,9,Fortnightly,Loan Paid
1,0032x00000D276lAAB,440367,1509454,0062x00000757vUAAQ,0012x00000IMt3kAAD,7,,Living Expenses,5,200,9.571,Fortnightly,Loan Paid
1,0032x00000D276lAAB,445660,1549696,0062x000007ZVdBAAW,0012x00000IMt3kAAD,7,,Living Expenses,5,200,9.714,Fortnightly,Loan Paid
1,0032x00000D25dVAAR,456252,1621890,0062x0000070R9iAAE,0012x00000IMrmxAAD,6,,Vehicle Expenses,5,200,10.143,Fortnightly,Loan Paid
1,0032x00000D24TQAAZ,439946,1507209,0062x00000754VdAAI,0012x00000IMqgQAAT,7,,Living Expenses,5,200,10,Fortnightly,Loan Paid
1,0032x00000D2466AAB,439924,1506887,0062x000007545UAAQ,0012x00000IMqL3AAL,11,,Living Expenses,5,200,8.714,Fortnightly,Loan Paid
1,0032x00000D21ltAAB,439837,1505051,0062x00000751JoAAI,0012x00000IMo3ZAAT,9,,Other Expenses,5,200,9.429,Fortnightly,Loan Paid
1,0032x00000D20OcAAJ,459489,1645811,0062x00000713GqAAI,0012x00000IMmnbAAD,7,,Vehicle Expenses,5,200,10.286,Fortnightly,Loan Paid
1,0032x00000D1zcIAAR,447478,1561758,0062x000007Zp5fAAC,0012x00000IMm5gAAD,8,,Other,5,200,9.143,Fortnightly,Loan Paid
1,0032x00000D1yQMAAZ,466223,1689355,0062x0000087gqoAAA,0012x00000IMkzIAAT,7,,Child Expenses,5,200,10,Fortnightly,Loan Paid
1,0032x00000D1vRrAAJ,5069396,1626710,0062x0000070YkrAAE,0012x00000IMhcOAAT,11,,Life Event Expenses,5,200,10,Fortnightly,Loan Paid
1,0032x00000D1sMlAAJ,452693,1598565,0062x000007aoS8AAI,0012x00000IMel9AAD,18,,Living Expenses,5,200,9.571,Fortnightly,Loan Paid
1,0032x00000D1rtgAAB,444100,1538821,0062x000007ZF8fAAG,0012x00000IMeHYAA1,10,,Vehicle Expenses,5,200,10.286,Fortnightly,Loan Paid
1,0032x00000D1rs4AAB,443780,1536800,0062x000007ZBEgAAO,0012x00000IMeG6AAL,8,,Other Expenses,5,200,9.571,Fortnightly,Loan Paid
1,0032x00000D1rLeAAJ,438990,1497827,0062x0000074peUAAQ,0012x00000IMdylAAD,12,,car,5,200,9.571,Fortnightly,Loan Paid
1,0032x00000D1rLeAAJ,466475,1690501,0062x0000087jXXAAY,0012x00000IMdylAAD,12,,Vehicle Expenses,5,200,10,Fortnightly,Loan Paid
1,0032x00000D1ppcAAB,438847,1496989,0062x0000074nsQAAQ,0012x00000IMcYXAA1,4,,Living Expenses,5,200,9.714,Fortnightly,Loan Paid
1,0032x00000D1pilAAB,438832,1496923,0062x0000074nhmAAA,0012x00000IMcM3AAL,5,,Living Expenses,5,200,9.286,Fortnightly,Loan Paid
1,0032x00000D1pilAAB,467316,1695558,0062x0000087rVKAAY,0012x00000IMcM3AAL,5,,Travel Expenses,5,200,9.429,Fortnightly,Loan Paid
1,0032x00000D1pMzAAJ,438802,1496691,0062x0000074nSvAAI,0012x00000IMcBxAAL,8,,Living Expenses,5,200,9.143,Fortnightly,Loan Paid
1,0032x00000D1pMzAAJ,464803,1680563,0062x0000087OrPAAU,0012x00000IMcBxAAL,8,,Vehicle Expenses,5,200,10,Fortnightly,Loan Paid
1,0032x00000D1oR9AAJ,467199,1695669,0062x0000087rkkAAA,0012x00000IMbQXAA1,11,,Life Event Expenses,5,200,9.429,Fortnightly,Loan Paid
1,0032x00000D1o1rAAB,439692,1495835,0062x0000074ld7AAA,0012x00000IMb1SAAT,19,,Vehicle Expenses,5,200,9.571,Fortnightly,Loan Paid
1,0032x00000D1o1rAAB,460381,1651066,0062x0000086KF8AAM,0012x00000IMb1SAAT,19,,Living Expenses,5,200,10,Fortnightly,Loan Paid
1,0032x00000D1n70AAB,438541,1495185,0062x0000074kYuAAI,0012x00000IMa83AAD,5,,Living Expenses,5,200,9.286,Fortnightly,Loan Paid
1,0032x00000D1mnPAAR,438450,1494838,0062x0000074k46AAA,0012x00000IMZoXAAX,5,,Other,5,200,10.571,Fortnightly,Loan Paid
1,0030K00001qDkaeQAC,5161409,5187323,0062x00000DriZyAAJ,0010K000022ihcKQAQ,52,47,Medical Expenses,5,200,9.857,Fortnightly,Loan Paid
1,00328000019usw7AAA,892085,4903894,0062x00000DWELJAA5,0012800001SDU96AAH,32,30,Life Event Expenses,5,200,9.286,Fortnightly,Loan Paid
1,0032800001J3F2pAAF,853507,4596685,0062x00000D9l5zAAB,0012800001Zs6BrAAJ,32,25,Child Expenses,5,200,9.429,Fortnightly,Loan Paid
1,0030K00001rOZ3PQAW,5164607,5458904,0062x00000DVZqdAAH,0010K000023QCpfQAG,31,29,Travel Expenses,5,200,10,Fortnightly,Loan Paid
1,0030K00001nYKZ7QAO,5163588,5386318,0062x00000DUjD2AAL,0010K000021DfAnQAK,29,27,Vehicle Expenses,5,200,9.857,Fortnightly,Loan Paid
1,0032x000002cN6xAAE,5160806,5154463,0062x00000DrFXuAAN,0012x000003E9qvAAC,29,27,Medical Expenses,5,200,9.857,Fortnightly,Loan Paid
1,0030K00001qE7nRQAS,5155736,4858393,0062x00000DIq39AAD,0010K000022izkvQAA,28,26,Vehicle Expenses,5,200,10.143,Fortnightly,Loan Paid
1,0030K00001sBTe7QAG,5148652,4539347,0062x00000D8Z6QAAV,0010K0000240NcPQAU,28,22,Living Expenses,5,200,9.286,Fortnightly,Loan Paid
1,0030K00001qSAIoQAO,5148958,4551746,0062x00000D8q04AAB,0010K000022pDGKQA2,28,27,Living Expenses,5,200,8.857,Fortnightly,Loan Paid
1,0030K00001UKD4RQAX,913959,5119349,0062x00000DZrQVAA1,0010K00001jN1TCQA0,27,23,Living Expenses,5,200,9.571,Fortnightly,Loan Paid
1,0030K00001O5Lu4QAF,845877,4524939,0062x00000D8IF7AAN,0010K00001dppcsQAA,27,26,Vehicle Expenses,5,200,8.714,Fortnightly,Loan Paid
1,0030K00001UKD4RQAX,845497,4523195,0062x00000D8G4aAAF,0010K00001jN1TCQA0,27,20,Living Expenses,5,200,8.714,Fortnightly,Loan Paid
1,0030K00001UKD4RQAX,840132,4473056,0062x00000D7ES3AAN,0010K00001jN1TCQA0,27,18,Living Expenses,5,200,9.857,Fortnightly,Loan Paid
1,0030K000027GrdsQAC,5147324,4471558,0062x00000D7BxcAAF,0010K00002CQSAnQAP,27,25,Vehicle Expenses,5,200,10,Fortnightly,Loan Paid
1,00328000019urlNAAQ,755205,3707470,0062x00000C7s6TAAR,0012800001SDTJgAAP,57,,Home Maintenance & Repairs,5,200,9.857,Fortnightly,Loan Paid
1,0030K00001qSpkKQAS,5127454,3472188,0062x00000BDELKAA5,0010K000023NSo2QAG,56,,Living Expenses,5,200,10.286,Fortnightly,Loan Paid
1,0032x0000042fZ6AAI,642344,2807131,0062x00000Ak7YtAAJ,0012x000005TO9PAAW,51,,Living Expenses,5,200,9.571,Fortnightly,Loan Paid
1,00328000019usp9AAA,607184,2611217,0062x00000ALa7NAAT,0012800001SDU2CAAX,45,,Home Maintenance & Repairs,5,200,9.429,Fortnightly,Loan Paid
1,00328000019ut1bAAA,636585,2774189,0062x00000Af2kKAAR,0012800001SDUEVAA5,45,,Furniture or Appliances,5,200,10.286,Fortnightly,Loan Paid
1,00328000019ut1bAAA,628255,2728209,0062x00000Adaq4AAB,0012800001SDUEVAA5,45,,Home Maintenance & Repairs,5,200,10.571,Fortnightly,Loan Paid
1,00328000019ut1bAAA,625557,2713991,0062x00000AdCQ7AAN,0012800001SDUEVAA5,45,,Home Maintenance & Repairs,5,200,9.286,Fortnightly,Loan Paid
1,00328000019ut1bAAA,619802,2680956,0062x00000AbXhGAAV,0012800001SDUEVAA5,45,,Home Maintenance & Repairs,5,200,9,Fortnightly,Loan Paid
1,00328000019ut1bAAA,612831,2642444,0062x00000ANonRAAT,0012800001SDUEVAA5,45,,Home Maintenance & Repairs,5,200,9,Fortnightly,Loan Paid
1,0030K00001MZgwNQAT,710642,3322047,0062x00000AZM9vAAH,0010K00001cPldEQAS,44,,Medical Expenses,5,200,9,Fortnightly,Loan Paid
1,0030K00001MZgwNQAT,657074,2894062,0062x00000AmPUJAA3,0010K00001cPldEQAS,44,,Medical Expenses,5,200,9.143,Fortnightly,Loan Paid
1,0030K00001MZgwNQAT,622466,2696130,0062x00000Acg7jAAB,0010K00001cPldEQAS,44,,Medical Expenses,5,200,10.143,Fortnightly,Loan Paid
1,0030K00001kPKprQAG,653071,2869437,0062x00000AlmPnAAJ,0010K00001y2gvTQAQ,42,,Living Expenses,5,200,9.143,Fortnightly,Loan Paid
1,00328000019uszFAAQ,610398,2628957,0062x00000AM6vtAAD,0012800001SDUCEAA5,40,,Medical Expenses,5,200,10.429,Fortnightly,Loan Paid
1,0030K00001qFP64QAG,5142768,4169570,0062x00000Ckn0HAAR,0010K000022jygUQAQ,36,29,Medical Expenses,5,200,10,Fortnightly,Loan Paid
1,0030K00001M9CHaQAN,801951,4131426,0062x00000CjySyAAJ,0010K00001cOXFpQAO,36,33,Living Expenses,5,200,10.429,Fortnightly,Loan Paid
1,0030K00001qFP64QAG,5118543,3040994,0062x00000B2inwAAB,0010K000022jygUQAQ,36,,Medical Expenses,5,200,9.571,Fortnightly,Loan Paid
1,0030K00001M9CHaQAN,643478,2813212,0062x00000AkH8lAAF,0010K00001cOXFpQAO,36,,Living Expenses,5,200,9.429,Fortnightly,Loan Paid
1,0032800001A5nI5AAJ,692706,3155972,0062x00000BHrtcAAD,0012800001SnIGLAA3,35,,Family expenses,5,200,10,Fortnightly,Loan Paid
1,0030K00001pxuujQAA,5136006,3856658,0062x00000CRi8MAAT,0010K000022MgkgQAC,34,28,Child Expenses,5,200,10.143,Fortnightly,Loan Paid
1,0030K00001UkvN7QAJ,647521,2836836,0062x00000AkvIcAAJ,0010K00001jOTZJQA4,34,,Living Expenses,5,200,8.714,Fortnightly,Loan Paid
1,0030K00001okGJlQAM,5107379,2703556,0062x00000ActXSAAZ,0010K000021Vul1QAC,34,,Living Expenses,5,200,9.429,Fortnightly,Loan Paid
1,00328000019usxlAAA,718856,3411566,0062x00000BBtKyAAL,0012800001SDUAkAAP,33,,Travel Expenses,5,200,8.857,Fortnightly,Loan Paid
1,0030K00001nVUmLQAW,5108845,2737889,0062x00000Ady4yAAB,0010K000020IjSIQA0,33,,Medical Expenses,5,200,10.143,Fortnightly,Loan Paid
1,00328000019urlNAAQ,440916,1514967,0062x0000075GJGAA2,0012800001SDTJgAAP,57,,Living Expenses,5,200,8.714,Fortnightly,Loan Paid
1,00328000019urlNAAQ,568876,2389951,0062x000009quVgAAI,0012800001SDTJgAAP,57,,Living Expenses,5,200,9.714,Fortnightly,Loan Paid
1,00328000019urlNAAQ,555030,2289867,0062x000009gQgRAAU,0012800001SDTJgAAP,57,,Home Maintenance & Repairs,5,200,9.714,Fortnightly,Loan Paid
1,00328000019urlNAAQ,469770,1710099,0062x0000088Nh7AAE,0012800001SDTJgAAP,57,,Home Maintenance & Repairs,5,200,8.714,Fortnightly,Loan Paid
1,00328000019urlNAAQ,458288,1636941,0062x0000070oHlAAI,0012800001SDTJgAAP,57,,Life Event Expenses,5,200,10.571,Fortnightly,Loan Paid
1,00328000019ut8KAAQ,553592,2279231,0062x000009g9VxAAI,0012800001SDULPAA5,48,,Travel Expenses,5,200,10.143,Fortnightly,Loan Paid
1,0032800001A4yXxAAJ,474605,1739590,0062x0000089F5bAAE,0012800001SmRh2AAF,47,,Living Expenses,5,200,10.286,Fortnightly,Loan Paid
1,00328000019ut1bAAA,585421,2497588,0062x00000AALW4AAP,0012800001SDUEVAA5,45,,Home Maintenance & Repairs,5,200,10,Fortnightly,Loan Paid
1,00328000019ut1bAAA,556249,2299087,0062x000009ggyAAAQ,0012800001SDUEVAA5,45,,Home Maintenance & Repairs,5,200,9.571,Fortnightly,Loan Paid
1,00328000019ut1bAAA,542786,2196703,0062x000009V77qAAC,0012800001SDUEVAA5,45,,Home Maintenance & Repairs,5,200,10.143,Fortnightly,Loan Paid
1,00328000019ut1bAAA,539768,2175217,0062x000009UL2iAAG,0012800001SDUEVAA5,45,,Home Maintenance & Repairs,5,200,9.143,Fortnightly,Loan Paid
1,00328000019usp9AAA,538040,2163604,0062x000009TmrDAAS,0012800001SDU2CAAX,45,,Living Expenses,5,200,9.286,Fortnightly,Loan Paid
1,00328000019ut1bAAA,538162,2164402,0062x000009To2cAAC,0012800001SDUEVAA5,45,,Medical Expenses,5,200,9.571,Fortnightly,Loan Paid
1,00328000019ut1bAAA,533254,2127402,0062x000009SZzWAAW,0012800001SDUEVAA5,45,,Home Maintenance & Repairs,5,200,9.286,Fortnightly,Loan Paid
1,00328000019ut1bAAA,447653,1562892,0062x000007ZqtBAAS,0012800001SDUEVAA5,45,,Furniture or Appliances,5,200,10.571,Fortnightly,Loan Paid
1,0030K00001MZgwNQAT,597103,2556583,0062x00000AHz9aAAD,0010K00001cPldEQAS,44,,Medical Expenses,5,200,9.714,Fortnightly,Loan Paid
1,0030K00001MZgwNQAT,567275,2380018,0062x000009qfj1AAA,0010K00001cPldEQAS,44,,Medical Expenses,5,200,9.143,Fortnightly,Loan Paid
1,0030K00001MZgwNQAT,564186,2358607,0062x000009q729AAA,0010K00001cPldEQAS,44,,Medical Expenses,5,200,10,Fortnightly,Loan Paid
1,00328000015T7bSAAS,556628,2302292,0062x000009gmczAAA,0012800001NDh1RAAT,44,,Vehicle Expenses,5,200,10,Fortnightly,Loan Paid
1,0030K00001MZgwNQAT,540667,2182049,0062x000009UZHHAA4,0010K00001cPldEQAS,44,,Medical Expenses,5,200,9.571,Fortnightly,Loan Paid
1,00328000015T7bSAAS,528873,2096751,0062x000009HKNNAA4,0012800001NDh1RAAT,44,,Home Maintenance & Repairs,5,200,9.286,Fortnightly,Loan Paid
1,0030K00001MZgwNQAT,503939,1919664,0062x0000097cFqAAI,0010K00001cPldEQAS,44,,Medical Expenses,5,200,9.571,Fortnightly,Loan Paid
1,00328000015T7bSAAS,488349,1827683,0062x0000090HZaAAM,0012800001NDh1RAAT,44,,Vehicle Expenses,5,200,9.571,Fortnightly,Loan Paid
1,00328000015T7bSAAS,483929,1802588,0062x000008zRngAAE,0012800001NDh1RAAT,44,,Furniture or Appliances,5,200,8.857,Fortnightly,Loan Paid
1,0030K00001MZgwNQAT,474002,1736194,0062x000008980aAAA,0010K00001cPldEQAS,44,,Vehicle Expenses,5,200,10.429,Fortnightly,Loan Paid
1,0030K00001MZgwNQAT,453459,1604704,0062x000007aySmAAI,0010K00001cPldEQAS,44,,Medical Expenses,5,200,9.286,Fortnightly,Loan Paid
1,0030K00001kPKprQAG,457894,1634278,0062x0000070k0lAAA,0010K00001y2gvTQAQ,42,,Vehicle Expenses,5,200,8.857,Fortnightly,Loan Paid
1,0030K00001pzYVVQA2,5064435,1489910,0062x0000074bJWAAY,0010K000022OKutQAG,42,,Living Expenses,5,200,9.857,Fortnightly,Loan Paid
1,003280000128jZQAAY,577861,2453636,0062x00000A9EwPAAV,0012800001IzG9WAAV,41,,Home Maintenance & Repairs,5,200,9.143,Fortnightly,Loan Paid
1,003280000128jZQAAY,570464,2401855,0062x000009rCZ4AAM,0012800001IzG9WAAV,41,,Life Event Expenses,5,200,9.143,Fortnightly,Loan Paid
1,003280000128jZQAAY,556058,2298081,0062x000009gfBbAAI,0012800001IzG9WAAV,41,,Life Event Expenses,5,200,9.286,Fortnightly,Loan Paid
1,003280000128jZQAAY,511794,1969783,0062x0000099OAfAAM,0012800001IzG9WAAV,41,,Life Event Expenses,5,200,10.143,Fortnightly,Loan Paid
1,003280000128jZQAAY,500068,1898807,0062x0000092dmYAAQ,0012800001IzG9WAAV,41,,Life Event Expenses,5,200,9.429,Fortnightly,Loan Paid
1,00328000019usjOAAQ,449115,1572626,0062x000007a4xhAAA,0012800001SDTwhAAH,40,,Life Event Expenses,5,200,9,Fortnightly,Loan Paid
1,00328000019usjOAAQ,437787,1490703,0062x0000074cLCAAY,0012800001SDTwhAAH,40,,Vehicle Expenses,5,200,9,Fortnightly,Loan Paid
1,00328000019ut4gAAA,597629,2559431,0062x00000AI44sAAD,0012800001SDUHkAAP,38,,Living Expenses,5,200,10.286,Fortnightly,Loan Paid
1,0030K00001dAiVpQAK,552992,2274748,0062x000009g1hJAAQ,0010K00001sDNHOQA4,38,,Living Expenses,5,200,10.286,Fortnightly,Loan Paid
1,0030K00001dAiVpQAK,503356,1916604,0062x0000097VONAA2,0010K00001sDNHOQA4,38,,Living Expenses,5,200,10.571,Fortnightly,Loan Paid
1,00328000019usrsAAA,451202,1588633,0062x000007aWQ1AAM,0012800001SDU56AAH,37,,Living Expenses,5,200,9.143,Fortnightly,Loan Paid
1,0030K00001qFP64QAG,5096646,2396819,0062x000009r4qLAAQ,0010K000022jygUQAQ,36,,Medical Expenses,5,200,10,Fortnightly,Loan Paid
1,0032800000yEbrKAAS,513990,1984989,0062x0000099po6AAA,0012800001GhXGFAA3,36,,Living Expenses,5,200,10.429,Fortnightly,Loan Paid
1,00328000019uspbAAA,509842,1956088,0062x0000098zeYAAQ,0012800001SDU2eAAH,36,,Medical Expenses,5,200,10,Fortnightly,Loan Paid
1,0032x00000B5DFOAA3,462438,1665075,0062x0000086qUjAAI,0012x00000G2s2SAAR,36,,Living Expenses,5,200,9.143,Fortnightly,Loan Paid
1,0030K00001qFP64QAG,5069245,1620747,0062x0000070NWYAA2,0010K000022jygUQAQ,36,,Child Expenses,5,200,10,Fortnightly,Loan Paid
1,0032x00000B5DFOAA3,454425,1611159,0062x000007b8QhAAI,0012x00000G2s2SAAR,36,,Living Expenses,5,200,9.857,Fortnightly,Loan Paid
1,0032x00000B5DFOAA3,444202,1538320,0062x000007ZDt9AAG,0012x00000G2s2SAAR,36,,Living Expenses,5,200,9.571,Fortnightly,Loan Paid
1,0032x00000B5DFOAA3,438208,1493425,0062x0000074hT0AAI,0012x00000G2s2SAAR,36,,Living Expenses,5,200,9.714,Fortnightly,Loan Paid
1,0030K00001MaKiqQAF,435303,1473320,0062x0000074A0SAAU,0010K00001cQNfLQAW,36,,Other Expenses,5,200,10,Fortnightly,Loan Paid
1,00328000019ut6dAAA,540072,2177556,0062x000009UQXkAAO,0012800001SDUJhAAP,34,,Vehicle Expenses,5,200,10.571,Fortnightly,Loan Paid
1,0030K00001UkvN7QAJ,477239,1758558,0062x0000089ohAAAQ,0010K00001jOTZJQA4,34,,Living Expenses,5,200,9.429,Fortnightly,Loan Paid
1,0030K00001mkSjSQAU,5066860,1564195,0062x000007Zt7PAAS,0010K000020HvEmQAK,34,,Living Expenses,5,200,8.857,Fortnightly,Loan Paid
1,0030K00001lS313QAC,1057151,7196134,0062x00000FHkWJAA1,0010K00001zGsnUQAS,5,3,Living Expenses,5,200,9.143,Fortnightly,Loan Paid
1,0032x00000NzwWFAAZ,1048986,6959453,0062x00000F2J22AAF,0012x00000WUtYPAA1,8,6,Vehicle Expenses,5,200,8.857,Fortnightly,Loan Paid
1,0032x00000HI1sHAAT,1044492,6894325,0062x00000F1RKIAA3,0012x00000OJFHjAAP,16,15,Medical Expenses,5,200,9.714,Fortnightly,Loan Paid
1,0032x00000B42WfAAJ,1044230,6888695,0062x00000F1NaTAAV,0012x00000G1RRyAAN,6,4,Furniture or Appliances,5,200,9,Fortnightly,Loan Paid
1,0032x00000IN0kAAAT,1043753,6874529,0062x00000F8k7hAAB,0012x00000OxtPhAAJ,6,4,Home Maintenance & Repairs,5,200,9.143,Fortnightly,Loan Paid
1,0030K00001hlddhQAA,1041844,6837417,0062x00000EzpLpAAJ,0010K00001vgM0IQAU,16,14,Life Event Expenses,5,200,10,Fortnightly,Loan Paid
1,0032x00000B4r6kAAB,1041052,6826408,0062x00000EzhacAAB,0012x00000G2E7XAAV,17,15,Vehicle Expenses,5,200,8.714,Fortnightly,Loan Paid
1,0030K00001vINzBQAW,5173278,6803721,0062x00000EzNEXAA3,0010K000026M2QLQA0,4,3,Living Expenses,5,200,9,Fortnightly,Loan Paid
1,0030K00001NQxLaQAL,1038227,6781154,0062x00000Ez3K1AAJ,0010K00001doCz9QAE,6,4,Vehicle Expenses,5,200,9.571,Fortnightly,Loan Paid
1,00328000019usxCAAQ,1037069,6758938,0062x00000Eykk2AAB,0012800001SDUABAA5,13,12,Vehicle Expenses,5,200,9,Fortnightly,Loan Paid
1,0030K00001krFHIQA2,1036026,6742180,0062x00000EyWHmAAN,0010K00001y5LRnQAM,5,4,Medical Expenses,5,200,9.143,Fortnightly,Loan Paid
1,0032x00000GclsFAAR,5172746,6722245,0062x00000EyEVvAAN,0012x00000MisEeAAJ,6,5,Other Expenses,5,200,9,Fortnightly,Loan Paid
1,0032x00000TTacrAAD,1034746,6708310,0062x00000Ey493AAB,0012x00000cKvwzAAC,6,5,Vehicle Expenses,5,200,9.286,Fortnightly,Loan Paid
1,0032x00000YUQIEAA5,1035073,6697908,0062x00000ExvjkAAB,0012x00000haEKMAA2,4,1,Travel Expenses,5,200,9.714,Fortnightly,Loan Paid
1,0032x00000Mg4qgAAB,5172496,6673181,0062x00000ExaOhAAJ,0012x00000TJHStAAP,7,6,Medical Expenses,5,200,5,Weekly,Loan Paid
1,0030K00001gDp2JQAS,1031248,6637324,0062x00000Ex653AAB,0010K00001uHbkOQAS,10,8,Living Expenses,5,200,8.714,Fortnightly,Loan Paid
1,0032x00000WksWpAAJ,1029875,6610992,0062x00000EwkB0AAJ,0012x00000gntf9AAA,5,4,Living Expenses,5,200,8.857,Fortnightly,Loan Paid
1,0032x00000HmZb9AAF,5172164,6601896,0062x00000EwcilAAB,0012x00000OKGDHAA5,15,13,Medical Expenses,5,200,9.857,Fortnightly,Loan Paid
1,0032x00000LUAEuAAP,1029057,6599165,0062x00000EwZl7AAF,0012x00000SG7tiAAD,7,5,Other Expenses,5,200,9,Fortnightly,Loan Paid
1,0032x00000SiQtYAAV,1028268,6583890,0062x00000EwNGBAA3,0012x00000c99lOAAQ,8,6,Vehicle Expenses,5,200,9,Fortnightly,Loan Paid
1,0032x00000AJlAsAAL,1027402,6565467,0062x00000Ew9XiAAJ,0012x00000G1Ib2AAF,9,7,Vehicle Expenses,5,200,9.571,Fortnightly,Loan Paid
1,0030K00001x6KM4QAM,1027004,6558012,0062x00000EfH6yAAF,0010K0000274YmkQAE,26,23,Medical Expenses,5,200,8.857,Fortnightly,Loan Paid
1,0030K00001dBkv1QAC,1026245,6537889,0062x00000Ef3L0AAJ,0010K00001sELmkQAG,9,8,Living Expenses,5,200,8.714,Fortnightly,Loan Paid
1,0032x00000TC8FnAAL,1026070,6536715,0062x00000Ef1zsAAB,0012x00000cxNR1AAM,4,3,Home Maintenance & Repairs,5,200,10,Fortnightly,Loan Paid
1,0032x00000IoOTHAA3,1024607,6499831,0062x00000EeZJVAA3,0012x00000PwUcIAAV,4,2,Medical Expenses,5,200,10,Fortnightly,Loan Paid
1,0032x00000Ime3xAAB,1024237,6499509,0062x00000EeYyIAAV,0012x00000OyITfAAN,5,4,Vehicle Expenses,5,200,10,Fortnightly,Loan Paid
1,0030K00001XyvO7QAJ,1025873,6495390,0062x00000EeUwPAAV,0010K00001mfqjUQAQ,8,6,Living Expenses,5,200,9.571,Fortnightly,Loan Paid
1,0032x00000FH0bOAAT,5171564,6483261,0062x00000EeMOwAAN,0012x00000L3RusAAF,13,12,Vehicle Expenses,5,200,10.571,Fortnightly,Loan Paid
1,0032x00000BZDYHAA5,1022652,6461024,0062x00000Ee5XIAAZ,0012x00000GdMyVAAV,4,3,Living Expenses,5,200,9.857,Fortnightly,Loan Paid
1,0032x000002SMqvAAG,5171245,6457459,0062x00000Ee0jAAAR,0012x000003CexNAAS,22,21,Other Expenses,5,200,8.857,Fortnightly,Loan Paid
1,0032x00000B56PbAAJ,1021179,6445623,0062x00000EdoOiAAJ,0012x00000G2lZOAAZ,12,10,Other Expenses,5,200,10,Fortnightly,Loan Paid
1,0032x00000D2OmoAAF,5171100,6437683,0062x00000EdgZ2AAJ,0012x00000IN9qOAAT,6,4,Furniture or Appliances,5,200,9.286,Fortnightly,Loan Paid
1,0032x00000G5ezJAAR,1020387,6435572,0062x00000Ede9fAAB,0012x00000LSNcgAAH,7,5,Travel Expenses,5,200,9.143,Fortnightly,Loan Paid
1,0032x000006CDygAAG,829472,4379812,0062x00000D1HNdAAN,0012x000008KNm6AAG,8,6,Travel Expenses,5,200,10,Fortnightly,Loan Paid
1,0032x00000TAO7FAAX,829330,4379108,0062x00000D1GXoAAN,0012x00000cmFBIAA2,5,2,Vehicle Expenses,5,200,8.857,Fortnightly,Loan Paid
1,0032x00000HnUU1AAN,829326,4378909,0062x00000D1GQvAAN,0012x00000OLBKQAA5,9,5,Life Event Expenses,5,200,10,Fortnightly,Loan Paid
1,0032x00000OtolDAAR,829206,4378638,0062x00000D1GAOAA3,0012x00000XEaCnAAL,6,2,Living Expenses,5,200,8.857,Fortnightly,Loan Paid
1,0032x000008IUZgAAO,829140,4378334,0062x00000D1Fm8AAF,0012x00000BGfjTAAT,6,4,Living Expenses,5,200,10,Fortnightly,Loan Paid
1,0032x00000HmvwSAAR,829161,4378006,0062x00000D1FXgAAN,0012x00000OKgUxAAL,6,4,Vehicle Expenses,5,200,9.857,Fortnightly,Loan Paid
1,0032x00000B7P8tAAF,829152,4377964,0062x00000D1FV6AAN,0012x00000Gb6MTAAZ,8,6,Life Event Expenses,5,200,8.714,Fortnightly,Loan Paid
1,0032x000001jza1AAA,829002,4377812,0062x00000D1FFdAAN,0012x000002b4RkAAI,5,1,Living Expenses,5,200,8.857,Fortnightly,Loan Paid
1,0032x00000D24neAAB,5145801,4377811,0062x00000D1FLzAAN,0012x00000IMqxQAAT,17,15,Home Maintenance & Repairs,5,200,10,Fortnightly,Loan Paid
1,0032x00000GdIQaAAN,829044,4377668,0062x00000D1FDbAAN,0012x00000MjLg6AAF,14,9,Medical Expenses,5,200,9.857,Fortnightly,Loan Paid
1,0032x00000HmtVDAAZ,829018,4377554,0062x00000D1F6BAAV,0012x00000OKdybAAD,4,2,Living Expenses,5,200,10,Fortnightly,Loan Paid
1,0030K000022wtvzQAA,5145797,4377525,0062x00000D1F4UAAV,0010K000028fXIXQA2,7,4,Furniture or Appliances,5,200,10.571,Fortnightly,Loan Paid
1,0032x00000B7XyzAAF,829005,4377515,0062x00000D1F3qAAF,0012x00000GbJcrAAF,16,11,Vehicle Expenses,5,200,9,Fortnightly,Loan Paid
1,0032x00000AH36NAAT,829024,4377297,0062x00000D1ErBAAV,0012x00000FFipnAAD,7,4,Living Expenses,5,200,9.714,Fortnightly,Loan Paid
1,0032x00000O18vfAAB,828855,4376994,0062x00000D1EZgAAN,0012x00000Wq4e4AAB,8,4,Living Expenses,5,200,8.857,Fortnightly,Loan Paid
1,0032x00000WFYyFAAX,5145861,4376738,0062x00000D1EK7AAN,0012x00000fmRgHAAU,4,1,Living Expenses,5,200,10,Fortnightly,Loan Paid
1,0032x00000TCHraAAH,5145776,4376526,0062x00000D1E7wAAF,0012x00000cyjFBAAY,4,1,Travel Expenses,5,200,9.714,Fortnightly,Loan Paid
1,0032x000008KEd1AAG,828963,4376492,0062x00000D1DxnAAF,0012x00000BIXq8AAH,7,5,Veterinary Expenses,5,200,9.143,Fortnightly,Loan Paid
1,0030K00001fOzIfQAK,828680,4376424,0062x00000D1DwLAAV,0010K00001swZbZQAU,7,5,Living Expenses,5,200,8.857,Fortnightly,Loan Paid
1,0032x00000U2ziuAAB,828591,4376071,0062x00000D1DVoAAN,0012x00000dyEBhAAM,4,1,Other Expenses,5,200,9,Fortnightly,Loan Paid
1,0032x000006CnsmAAC,828357,4374538,0062x00000D1CMGAA3,0012x00000AAQNxAAP,4,3,Living Expenses,5,200,10.143,Fortnightly,Loan Paid
1,0032x00000D1oldAAB,828469,4373126,0062x00000D1ArJAAV,0012x00000IMbi2AAD,6,1,Medical Expenses,5,200,9.857,Fortnightly,Loan Paid
1,0032x000002QNDZAA4,828436,4372408,0062x00000D1AIjAAN,0012x000002d9eeAAA,7,5,Home Maintenance & Repairs,5,200,9.857,Fortnightly,Loan Paid
1,0032x00000U4ArZAAV,828421,4371753,0062x00000D19TxAAJ,0012x00000e0RFaAAM,4,1,Living Expenses,5,200,10,Fortnightly,Loan Paid
1,0032x00000NzU6LAAV,827817,4370064,0062x00000D17f9AAB,0012x00000VeN9DAAV,6,3,Vehicle Expenses,5,200,10.286,Fortnightly,Loan Paid
1,0032x00000B7i7vAAB,828021,4369749,0062x00000D17NsAAJ,0012x00000GbSjAAAV,8,4,Vehicle Expenses,5,200,8.857,Fortnightly,Loan Paid
1,0032x00000D1sMlAAJ,827722,4369682,0062x00000D17JCAAZ,0012x00000IMel9AAD,18,16,Living Expenses,5,200,9.143,Fortnightly,Loan Paid
1,0032800001Gu2uxAAB,828365,4369322,0062x00000D16xQAAR,0012800001YJBjjAAH,5,4,Living Expenses,5,200,9.143,Fortnightly,Loan Paid
1,0032x00000BaZHIAA3,827581,4369014,0062x00000D16fHAAR,0012x00000Gecq7AAB,8,7,Living Expenses,5,200,9.286,Fortnightly,Loan Paid
1,0032x00000E6C9bAAF,827790,4368782,0062x00000D16H1AAJ,0012x00000KLclKAAT,7,6,Vehicle Expenses,5,200,10.286,Fortnightly,Loan Paid
1,0030K00001m0vXJQAY,827510,4368518,0062x00000D16BvAAJ,0010K00001zI3F5QAK,13,10,Living Expenses,5,200,9.714,Fortnightly,Loan Paid
1,0032x000008IlTqAAK,827470,4368184,0062x00000D15sAAAR,0012x00000BGwFKAA1,12,10,Medical Expenses,5,200,8.857,Fortnightly,Loan Paid
1,0030K00001R7X97QAF,827676,4366851,0062x00000D14eHAAR,0010K00001gjv4qQAA,7,5,Medical Expenses,5,200,9.857,Fortnightly,Loan Paid
1,0032x000002citCAAQ,827206,4363471,0062x00000D10y0AAB,0012x000003EThAAAW,17,13,Living Expenses,5,200,9.143,Fortnightly,Loan Paid
1,0030K00001lSlvMQAS,827202,4363442,0062x00000D10ysAAB,0010K00001zHVlmQAG,14,10,Travel Expenses,5,200,10.286,Fortnightly,Loan Paid
1,0032x000008KYcWAAW,5145598,4363363,0062x00000D10suAAB,0012x00000BIuIcAAL,21,17,Life Event Expenses,5,200,10.429,Fortnightly,Loan Paid
1,0032x000001k6xZAAQ,827335,4363261,0062x00000D10l5AAB,0010K00001wD7KjQAK,4,2,Vehicle Expenses,5,200,9.143,Fortnightly,Loan Paid
1,0032x00000Ge75PAAR,826995,4362757,0062x00000D0zyXAAR,0012x00000MkUBbAAN,6,3,Living Expenses,5,200,10.143,Fortnightly,Loan Paid
1,0032x00000Lvvr0AAB,827006,4362640,0062x00000D0zoNAAR,0012x00000SIYKGAA5,6,4,Living Expenses,5,200,9,Fortnightly,Loan Paid
1,0032x00000U2QQiAAN,826894,4362030,0062x00000D0yztAAB,0012x00000deT4rAAE,4,1,Living Expenses,5,200,9.143,Fortnightly,Loan Paid
1,0032x000008KC02AAG,826841,4361436,0062x00000D0y6uAAB,0012x00000BITFeAAP,5,4,Child Expenses,5,200,9.286,Fortnightly,Loan Paid
1,0032x00000OuYhlAAF,826815,4361347,0062x00000D0yCrAAJ,0012x00000XNgzYAAT,5,2,Vehicle Expenses,5,200,9.857,Fortnightly,Loan Paid
1,0030K00001k13c6QAA,826676,4361096,0062x00000D0xwAAAR,0010K00001xibR8QAI,6,3,Life Event Expenses,5,200,8.857,Fortnightly,Loan Paid
1,0032x00000LQ4FXAA1,826578,4360184,0062x00000D0woFAAR,0012x00000RrNw6AAF,4,3,Living Expenses,5,200,10.286,Fortnightly,Loan Paid
1,0032x00000BbOnAAAV,826598,4360148,0062x00000D0wlWAAR,0012x00000IMH9LAAX,15,11,Travel Expenses,5,200,10.429,Fortnightly,Loan Paid
1,0032x000002PesgAAC,826462,4359891,0062x00000D0wONAAZ,0012x000002cU3vAAE,5,1,Home Maintenance & Repairs,5,200,9.286,Fortnightly,Loan Paid
1,0032x00000GfTaiAAF,826460,4359687,0062x00000D0wBXAAZ,0012x00000NRtHBAA1,7,5,Vehicle Expenses,5,200,9.143,Fortnightly,Loan Paid
1,0032x00000O0e29AAB,5145426,4358970,0062x00000D0vJfAAJ,0012x00000WXbOcAAL,4,2,Living Expenses,5,200,8.857,Fortnightly,Loan Paid
1,0032x00000SjUsnAAF,826342,4358916,0062x00000D0vGMAAZ,0012x00000XPHW3AAP,4,1,Life Event Expenses,5,200,10.143,Fortnightly,Loan Paid
1,0032x00000HmzfiAAB,826274,4358524,0062x00000D0upCAAR,0012x00000OKjOUAA1,14,12,Living Expenses,5,200,10,Fortnightly,Loan Paid
1,0032x00000T9TrwAAF,826294,4358364,0062x00000D0uhlAAB,0012x00000clRQOAA2,4,1,Living Expenses,5,200,9.429,Fortnightly,Loan Paid
1,0032x00000FJ31tAAD,826270,4358351,0062x00000D0ugsAAB,0012x00000LQIoyAAH,9,7,Living Expenses,5,200,9.143,Fortnightly,Loan Paid
1,0032x00000N8258AAB,826298,4356367,0062x00000D0syaAAB,0012x00000TtAd7AAF,6,2,Home Maintenance & Repairs,5,200,10.143,Fortnightly,Loan Paid
1,0032x00000TCJ58AAH,5145388,4355387,0062x00000D0riCAAR,0012x00000cyooNAAQ,11,5,Vehicle Expenses,5,200,10.571,Fortnightly,Loan Paid
1,0030K00001k1ePCQAY,826182,4355231,0062x00000D0rT7AAJ,0010K00001xjDJGQA2,17,13,Other Expenses,5,200,10.143,Fortnightly,Loan Paid
1,0030K00001qE7yqQAC,5145375,4354600,0062x00000D0qQCAAZ,0010K000022izt9QAA,12,11,Veterinary Expenses,5,200,9.429,Fortnightly,Loan Paid
1,0032x00000OtuM2AAJ,826213,4354448,0062x00000D0qD3AAJ,0012x00000XEfnRAAT,5,1,Living Expenses,5,200,9.286,Fortnightly,Loan Paid
1,0030K00001T54crQAB,825874,4353774,0062x00000D0pHJAAZ,0010K00001iICEgQAO,8,5,Living Expenses,5,200,10.286,Fortnightly,Loan Paid
1,0032x00000U2RCnAAN,825834,4353460,0062x00000D0oraAAB,0012x00000deY0IAAU,5,1,Vehicle Expenses,5,200,10.143,Fortnightly,Loan Paid
1,0032x00000BZH09AAH,825758,4353085,0062x00000D0oOdAAJ,0012x00000GdQCaAAN,9,4,Living Expenses,5,200,10.571,Fortnightly,Loan Paid
1,0030K00001zyVljQAE,825728,4352971,0062x00000D0oE9AAJ,0010K0000275xFXQAY,7,6,Home Maintenance & Repairs,5,200,10.143,Fortnightly,Loan Paid
1,0032x000006ETE1AAO,825692,4352490,0062x00000D0nZzAAJ,0012x00000AEBzEAAX,5,2,Living Expenses,5,200,10.143,Fortnightly,Loan Paid
